CNPJ,COMPANHIA_ANO,ANO_REFER,z_DSRI,z_GMI,z_AQI,z_SGI,z_DEPI,z_SGAI,z_LVGI,z_TATA
00776574000156,AMERICANAS S.A. - EM RECUPERAÇÃO JUDICIAL (2021),2021,3.169565445577755,-0.5351870087178396,0.8398829281165509,5.682243595700682,18.319942364906463,0.12465398135552787,-0.3446361273341947,0.8702572133848998
00776574000156,AMERICANAS S.A. - EM RECUPERAÇÃO JUDICIAL (2022),2022,-1.1899589569854345,6.872002464843218,-2.0491992505380257,0.10546454148885251,-0.5338242729892108,3.613176857649077,7.937351206920134,-1.6948061898235112
00776574000156,AMERICANAS S.A. - EM RECUPERAÇÃO JUDICIAL (2023),2023,-0.9051492049497118,-4.210083612681392,4.068038666402214,-2.712927465587335,-0.18908651301615315,3.791491754619984,0.9715102311332209,-0.23447428809979376
00776574000156,AMERICANAS S.A. - EM RECUPERAÇÃO JUDICIAL (2024),2024,-0.7585334127954465,-1.1743204823992113,-1.0746045451103783,-0.7874398053548928,1.1493855229488614,-1.795675006431192,-4.269620159242498,3.95690846755829
00776574000156,AMERICANAS S.A. - EM RECUPERAÇÃO JUDICIAL (2025),2025,-0.044884622363858276,2.5454569101800377,-0.5284472948982364,-1.3062783827800917,0.28079019627717017,-1.4136658472571983,1.2478951181684776,0.012114287965517744
04626426000106,BTG PACTUAL COMMODITIES SERTRADING S.A. (2025),2025,11.4321187502497,-2.4079718546343143,15.222421947969895,-1.5222702289776349,19.3743583663005,11.866204124362532,5.552547490163312,1.6301669784955073
04972092000122,GRUPO FARTURA DE HORTIFRUT S.A. (2021),2021,-0.16479756825369268,0.256347328408568,-0.7045728621670238,0.08478131782898733,0.40523058560134306,0.7386723897399753,0.27980615162942835,0.0912586750880208
04972092000122,GRUPO FARTURA DE HORTIFRUT S.A. (2022),2022,0.563844921444241,-0.24290049144761944,0.6615150129454058,0.2007789256913659,0.36403695637828803,0.14838682936139264,-0.48248281155931044,-0.09056818650561055
04972092000122,GRUPO FARTURA DE HORTIFRUT S.A. (2023),2023,0.4524447934911525,-0.07765709099490432,7.477007514042826,0.09712419708338221,-0.07758113182397058,-0.13026514844182477,-1.8071243901890088,1.105492919634391
04972092000122,GRUPO FARTURA DE HORTIFRUT S.A. (2024),2024,-0.10236239763197365,0.031633008741523125,2.207982923024811,-0.09859188463690953,0.34394740328780604,-0.6277061682890399,0.3399873802486241,0.0
04972092000122,GRUPO FARTURA DE HORTIFRUT S.A. (2025),2025,-0.5372685029157606,0.29254289018695423,0.3699528494372496,-0.08417668905654539,0.06515257658632112,-0.04207133869819569,-0.5386293969137075,0.037009097762684996
05917486000140,LIVETECH DA BAHIA INDÚSTRIA E COMÉRCIO S.A. (2021),2021,-1.2203803908823356,2.6774259328144763,0.010225838767104596,1.863670296492844,-0.5027439954412827,1.9299930014229985,-1.9362604467809568,1.2640354534722213
05917486000140,LIVETECH DA BAHIA INDÚSTRIA E COMÉRCIO S.A. (2022),2022,0.9804994753006805,2.5674815009042335,1.3313674078495528,-0.5666001596762696,-0.38800524589011287,-3.598160496481069,-3.2861975579615104,0.7634483215610846
05917486000140,LIVETECH DA BAHIA INDÚSTRIA E COMÉRCIO S.A. (2023),2023,1.5963341582816244,1.4246021579918675,3.555657158003532,-1.3894384440701737,-0.7068216284030735,-2.67199145451872,-3.9846175089200395,-1.1211394974338147
05917486000140,LIVETECH DA BAHIA INDÚSTRIA E COMÉRCIO S.A. (2024),2024,2.519758960319228,-2.3819855040184996,-0.1499865991843913,-0.9392883403867139,-0.011361940485602623,9.950154086880874,5.966928218536469,-0.18229219951880443
05917486000140,LIVETECH DA BAHIA INDÚSTRIA E COMÉRCIO S.A. (2025),2025,-1.0523794227733945,-0.5720837668035781,-0.2275541494521405,-0.38239088382457764,-1.098653470603834,31.221665771749596,1.270958877941208,-2.406146128916034
06347409000165,SBF COMÉRCIO DE PRODUTOS ESPORTIVOS S.A. (2021),2021,-2.1273576993364243,-2.035743009171737,0.8069068966584554,1.0725688476509,-0.3005815516866097,-0.9185977663905357,-0.3991877300820303,0.5291582345150991
06347409000165,SBF COMÉRCIO DE PRODUTOS ESPORTIVOS S.A. (2022),2022,1.3769053445739423,0.27668364510371796,0.7725452916233783,0.9315707782715412,0.21287139703429367,0.45754797938126485,-1.072837710200312,0.11149651497972832
06347409000165,SBF COMÉRCIO DE PRODUTOS ESPORTIVOS S.A. (2023),2023,-2.5190694194335643,-1.8132557738815727,0.5809950064814877,2.0187985203296375,-1.033532894697809,0.8369022244205194,-0.9471250957793856,-0.12792632887829286
06347409000165,SBF COMÉRCIO DE PRODUTOS ESPORTIVOS S.A. (2024),2024,-0.3418365352633612,-0.6608051492987003,0.2603696342687455,-0.5123372802357319,0.4554718700463328,0.3667244809273178,-0.5192101705765106,-0.20348252430406902
06347409000165,SBF COMÉRCIO DE PRODUTOS ESPORTIVOS S.A. (2025),2025,0.7289051966770502,1.1236274947301128,-0.2609582246753027,0.7778135336946705,0.14347590888765624,-1.4679268388502307,-0.029053842089400726,0.5476701756679857
06626253000151,EMPREENDIMENTOS PAGUE MENOS S.A. (2023),2023,-0.12825259805494055,0.24593452572512445,-0.16255378365448175,0.5190021250349454,-1.440339380062873,0.05997087413609462,0.2333604569418112,-0.02119776926904572
06626253000151,EMPREENDIMENTOS PAGUE MENOS S.A. (2024),2024,-0.03216396219873361,-0.022810960588249107,-2.113837828101556,0.06182669578536393,9.511483803653798,-0.3222324725641811,-0.26988520675032235,0.22033255709916624
06626253000151,EMPREENDIMENTOS PAGUE MENOS S.A. (2025),2025,2.3654878661750636,0.015209386406851018,-0.596346039665729,0.3173795315927262,0.00991635875355712,-0.3987695750320173,0.1773838240650053,0.6121055245911357
07859510000168,JHSF MALLS S.A. (2021),2021,-0.005088140917957144,-0.1427479028847994,-0.22175877389694662,1.2257668814632463,-0.5310411445147769,0.1896646544568804,0.23158550145611634,0.551441877353881
07859510000168,JHSF MALLS S.A. (2022),2022,-0.29180250301264293,-0.29223240601390826,-0.15405412614115951,0.7415607962347375,1.4370448153823743,0.0898720870661726,0.7990734327337673,0.30069391535961093
08764621000153,GENERAL SHOPPING E OUTLETS DO BRASIL BRASIL S.A. (2021),2021,-0.9203633426344321,-1.1196125057886825,-0.45813174994154887,1.5475114839260404,0.9017032698437438,-2.310981120378148,0.6712716009684716,-0.7669295383981438
08764621000153,GENERAL SHOPPING E OUTLETS DO BRASIL BRASIL S.A. (2022),2022,-1.142066763644358,0.6227848084440932,0.08223468956520033,0.32274321749770835,0.5205124006117757,-1.1903995080850787,0.3759664657007282,0.821797529940856
08764621000153,GENERAL SHOPPING E OUTLETS DO BRASIL BRASIL S.A. (2023),2023,0.12381801293603929,0.28825724758303933,-0.45974745494049135,-0.3711051321827934,3.7153026522428974,1.5162038600066832,-0.5506404204414505,1.6180712246054247
08764621000153,GENERAL SHOPPING E OUTLETS DO BRASIL BRASIL S.A. (2024),2024,-0.5730181809072681,0.3394001372843097,0.16572340306649241,0.03452052285262837,0.36470498027674875,-0.8510047169816283,4.8445203429168116,-6.37604330934107
08764621000153,GENERAL SHOPPING E OUTLETS DO BRASIL BRASIL S.A. (2025),2025,0.33146129283886155,0.026945131425070077,0.014551697749706305,-0.3158086905134912,-1.1681183763900707,-0.9048809261454461,0.5266938251452616,1.1616955283144317
09295063000197,TECHNOS S.A. (2021),2021,-0.5588101780899313,-1.5521943019507471,-0.9112723566531336,0.8535725061106424,1.1066199537387749,-1.4100710349850314,0.332358615473234,0.31402012737308616
09295063000197,TECHNOS S.A. (2022),2022,-0.14573202892477252,-0.3484864812975303,-0.10825147969776351,0.0043823358314818255,0.03634424901867933,0.24990996182268052,-1.782580335137276,0.5072807171580545
09295063000197,TECHNOS S.A. (2023),2023,0.3860053246775799,-0.18977282480816016,-0.2488130762322302,-0.714785156384855,0.6722728001057231,0.8125570181887161,-1.211589429673923,0.2416156134663144
09295063000197,TECHNOS S.A. (2024),2024,0.4554047930186502,0.20896568295204476,-0.4374590244371842,0.26733051069001834,-0.3801012381664376,-0.37853722804269874,1.441705185087836,0.7881169959074432
09295063000197,TECHNOS S.A. (2025),2025,0.20381782379183241,0.05330021675740626,0.18042044616973013,0.398591513719163,-0.09370185006010963,-0.4250013599535396,-2.2601122922357444,1.2047387895682342
09813204000116,W2W E-COMMERCE DE VINHOS S.A. (2021),2021,-1.0861430583707468,-0.12041660817297296,12.745794664508772,2.6213407216651228,-0.30121878481956993,-1.0513172893473117,0.34578280955083146,0.1779529233210983
09813204000116,W2W E-COMMERCE DE VINHOS S.A. (2022),2022,-0.17472207529048578,-0.25869459619952934,-0.15317061241028204,0.978121281344481,-1.7714677742201208,0.0007133205779050293,-1.6096112824013522,-0.36143827107872933
09813204000116,W2W E-COMMERCE DE VINHOS S.A. (2023),2023,-0.02368487796266495,0.6148760700451505,-0.28038881766232493,-0.3261117040139163,-0.15126140566617274,-0.002768416079339253,0.20316878771585464,-0.23422383971411356
09813204000116,W2W E-COMMERCE DE VINHOS S.A. (2024),2024,1.1231869803073382,-0.01854777429536705,0.024977283046761792,-0.42811401220837136,-0.9534663570262837,0.06340954334177903,0.05533338602742149,-0.4813265414520963
09813204000116,W2W E-COMMERCE DE VINHOS S.A. (2025),2025,-0.21038667067309957,-0.20734484394367322,0.8986818706171208,-0.7521363186612138,-0.6148716146532354,-0.4320505786246072,-2.187630408556471,1.0692718215670367
10158356000101,CPX DISTRIBUIDORA S.A. (2025),2025,-0.29388901243235344,1.6576075447808671,0.10246393667889495,0.7456206263907872,1.270069861430219,0.2953741197452086,1.2785155368631198,-0.020690400464887165
12108897000150,D1000 VAREJO FARMA PARTICIPAÇÕES S.A. (2021),2021,0.9289939080843097,0.0,0.0,0.10172125310878602,0.7415857934204484,-0.2353145041602496,-0.4437643040657371,-0.11414017880794329
12108897000150,D1000 VAREJO FARMA PARTICIPAÇÕES S.A. (2022),2022,0.504779717970016,0.23162513854178715,-0.17782429981504108,0.9246756656371004,0.05362781015079388,-1.1043049074670903,-0.00796216444046534,-0.10141468112524044
12108897000150,D1000 VAREJO FARMA PARTICIPAÇÕES S.A. (2023),2023,0.20942431943772777,0.24096388388793352,-0.3976050984837276,0.31763835326921835,0.3979054876774477,2.6115962729193263,0.5860392132836116,-0.29477964113099586
12108897000150,D1000 VAREJO FARMA PARTICIPAÇÕES S.A. (2024),2024,0.1113569418316183,0.471893540350327,-0.7028058775562774,0.6015767227851518,1.666264975214923,-0.5602848155809433,0.6760713689204264,-0.3129274051258918
12108897000150,D1000 VAREJO FARMA PARTICIPAÇÕES S.A. (2025),2025,0.11814742404523665,0.9738696190423626,-0.29310659651471316,0.5956209188091436,0.4817471336702178,-0.6063536709748424,-0.28199863152696913,-0.21801993115753435
12420164000157,CM HOSPITALAR S.A (2021),2021,-0.44881686328792375,-2.2557449852966815,-0.2001471085532818,1.4782313352815895,-1.513076176977634,1.2733995981821795,0.4321270939125577,0.8223628247799285
12420164000157,CM HOSPITALAR S.A (2022),2022,1.0944303252700691,1.4063884630550105,0.9992668584926788,1.465199729669664,19.3743583663005,-0.8361940867869627,0.9036426199905876,0.24918734479010912
12420164000157,CM HOSPITALAR S.A (2023),2023,-0.035791324155969466,0.3180925906178515,-0.19022271911187358,0.7621393663633904,-4.012407570716999,0.4407293281581013,-1.2679624051401006,1.8386240562953262
12420164000157,CM HOSPITALAR S.A (2024),2024,-0.6567263225357244,5.04301321205293,0.2902602792030332,-0.35951231771991415,-0.593618227124829,2.1899665309482628,1.0296181283383485,-1.0420203747495358
12420164000157,CM HOSPITALAR S.A (2025),2025,0.024393171373085526,-2.7523314922264754,0.29869711899833373,-0.5942321344084395,-0.3285186454434163,-0.94851580586818,-0.2500413021001123,0.24712522729457867
13217485000111,GRUPO SBF S.A. (2021),2021,-1.3981964720913311,-0.6083130315673185,0.9787864273660327,5.084331343000893,-0.9384272171210905,-1.773808194988635,-0.007872732104101684,0.6811478746012462
13217485000111,GRUPO SBF S.A. (2022),2022,0.3829647882188285,-0.20443446930336653,-0.45212454247622413,0.5493306100763935,0.18132160539597,0.7571302581002142,0.36832732483202585,0.6303943251810146
13217485000111,GRUPO SBF S.A. (2023),2023,-0.5507898736854481,-0.06543584219937462,-0.13235459109380412,0.0,-0.4369179501070124,-0.13500900290755105,-0.2758805618179514,-0.006737508074748151
13217485000111,GRUPO SBF S.A. (2024),2024,0.5162716537786128,-0.38508232674167,-0.08306561000455691,-0.46927463276555337,0.37902002616872316,0.18276423334655437,-0.22201638236501958,-0.07687677802264807
13217485000111,GRUPO SBF S.A. (2025),2025,-0.0656766169383903,0.2821037532869084,0.15824209573890718,-0.17428167177024503,0.15514049411219452,0.008313384314207955,0.08080304642518224,0.20325495783696845
16233389000155,CVLB BRASIL S.A (2021),2021,-0.6711776740083663,0.9935804253597805,2.4996767175390815,0.06844845727715589,-0.24460710536106964,0.15951795295239837,0.6470753307572152,-0.07204433296117296
16233389000155,CVLB BRASIL S.A EM RECUPERAÇÃO JUDICAL (2022),2022,-0.7938131780157398,0.2352926330482452,1.3203935451777524,-0.20968524759869056,-0.1569189891956074,0.5622525598633372,0.12728189905179768,-1.7377920573965446
16233389000155,CVLB BRASIL S.A EM RECUPERAÇÃO JUDICAL (2023),2023,-1.9601880764308341,2.0932828897751494,0.8869160351761323,5.865714535653438,0.5450547537011006,11.6824766513612,-1.0366170460846997,-0.7809421195654591
16233389000155,CVLB BRASIL S.A EM RECUPERAÇÃO JUDICAL (2024),2024,-2.6340288400338454,-0.19786258069958979,0.4653639163545653,-0.23493542826210287,0.39866936549742543,0.4351543781888071,0.41291585171870604,-0.2288459753009945
16233389000155,CVLB BRASIL S.A EM RECUPERAÇÃO JUDICAL (2025),2025,8.375764399513686,0.5782330266709633,-0.9403786755392946,-0.9120701237125458,-0.48698596491372353,1.6363879599764801,2.5826751650708455,-3.0901433628448465
16922038000151,ENJOEI S.A. (2022),2022,0.12458093629807841,-3.1961666760631666,2.9258353116968636,0.9713292372360697,-1.7255560867362743,-3.05468900661058,1.455424845455964,-0.2513454165738974
16922038000151,ENJOEI S.A. (2023),2023,-1.1322780743106355,-3.746130298830063,3.1851718726618397,1.4359086365691711,-0.4802013903717135,-1.4697713879900236,3.951911215844431,-0.5397759603088577
16922038000151,ENJOEI S.A. (2024),2024,-0.4468250850152135,-1.3682319430558048,1.917412513799144,1.2467999221919372,2.293014245574829,-1.8034033901959432,0.5671665348720568,-0.16749312852985135
16922038000151,ENJOEI S.A. (2025),2025,11.055173638919225,0.1250218730783818,-1.9227076977612834,-0.6109932370935215,-0.4387671849056596,-0.49095643862619176,7.0535953903743565,-0.3709329450343381
17359233000188,TECIDOS E ARMARINHOS MIGUEL BARTOLOMEU S.A. (2023),2023,0.11121647894384813,1.0473990408748108,-0.3901526750798527,-0.29312862094354164,1.9429278674850627,0.35658756457647983,0.2283485509260173,0.6625661002985079
17359233000188,TECIDOS E ARMARINHOS MIGUEL BARTOLOMEU S.A. (2024),2024,-0.4371825371745125,0.0750317826300452,0.4071942526588551,-0.2819096926589421,0.4225868356283758,1.1460407567669015,2.386824141404989,0.5170743587420942
17359233000188,TECIDOS E ARMARINHOS MIGUEL BARTOLOMEU S.A. (2025),2025,0.2967609564218079,-0.7640856412873661,-0.13690001730527945,-0.13420415785192685,-1.7404815173001456,0.8783917320507668,3.9194925079305043,1.0149427506239108
18328118000109,PET CENTER COMÉRCIO E PARTICIPAÇÕES S.A. (2022),2022,-0.11637972152327374,0.23062733399856197,0.44419580501142664,1.1869786201340855,-0.40834525812075784,0.5251542106736657,-1.0575784163950344,0.11128040987144833
18328118000109,PET CENTER COMÉRCIO E PARTICIPAÇÕES S.A. (2023),2023,0.12056491753854254,0.3191753817962168,-0.062495201817601195,0.01624925314159677,-0.8416871068688646,0.11312832190919221,2.9957523488080207,-0.5333783065853169
18328118000109,PET CENTER COMÉRCIO E PARTICIPAÇÕES S.A. (2024),2024,0.2173551463289294,-0.0062178912714440805,-0.10849987741946326,-0.3494071261032909,-0.2610299735768669,0.08805903852133268,0.6145236802876767,-0.8045017907870068
18328118000109,PET CENTER COMÉRCIO E PARTICIPAÇÕES S.A. (2025),2025,-0.20138395936995654,0.03825880442910365,-0.23211193973865532,-0.18587711226884654,-0.4977200065265454,-0.0690378092684384,0.7256708448622297,-0.9103044795903351
18483666000103,HUMBERG AGRIBRASIL COMÉRCIO E EXPORTAÇÃO DE GRÃOS S.A. (2021),2021,11.874249275045916,6.885571398090086,0.8832256463246151,2.4239622712398368,8.561375577164034,-3.38793186720684,0.5590820333675997,3.2300606016185274
18483666000103,HUMBERG AGRIBRASIL COMÉRCIO E EXPORTAÇÃO DE GRÃOS S.A. (2022),2022,-2.3203151782370703,-19.2893895030817,15.222421947969895,3.5962821594190393,-4.0015913501186855,31.221665771749596,-1.8520188775657553,1.3092360157416585
18483666000103,HUMBERG AGRIBRASIL COMÉRCIO E EXPORTAÇÃO DE GRÃOS S.A. (2023),2023,1.3146206868274604,-15.642953857885574,1.1872548661648932,-2.990454661099031,3.382891764970156,-5.060565430296564,-1.3663405607658736,-1.496462844527894
18483666000103,HUMBERG AGRIBRASIL COMÉRCIO E EXPORTAÇÃO DE GRÃOS S.A. (2024),2024,-0.35344444259516344,-5.519965214369065,-0.8891773095065368,-0.34756243327344644,-4.012407570716999,-5.167716084584206,0.5403353124969521,-1.1427155323898843
20247322000147,ALLIED TECNOLOGIA S.A. (2021),2021,-0.5730875099800085,1.4775699668297841,-0.13086424705930058,0.49931160762026366,-0.046496957916930044,-0.8975175941987258,-0.9104578036172019,0.9273488639693865
20247322000147,ALLIED TECNOLOGIA S.A. (2022),2022,0.7538144051218559,-0.7858359448955494,0.7094570900511686,-1.124421296060584,-0.7962588675145978,2.2362320093447745,-1.1567763708561385,-5.197289597392726
20247322000147,ALLIED TECNOLOGIA S.A. (2023),2023,-1.6192562624989506,3.917371425858948,0.33092960152155393,0.12888803438843016,-0.11112734764803141,-2.3409730843729712,-1.1481700938604693,-5.581765377950606
20247322000147,ALLIED TECNOLOGIA S.A. (2024),2024,0.3454432503828564,-0.2904605598100641,-0.476716263764565,-0.8746837788371823,0.2861029369695121,1.1080077547552667,0.23029685239436562,-2.922063783564043
20247322000147,ALLIED TECNOLOGIA S.A. (2025),2025,0.4571980673369422,0.5667982460956411,0.09113301399943512,-0.6023909264023398,-0.23446374964343464,-0.5312379171904433,-0.2889149524083284,-5.190217681341909
20258278000170,OUROFINO S.A. (2021),2021,-0.07699189004837417,0.5285959231058741,-0.39999115820429243,0.622306762816506,0.9163620889566337,-0.47615383966352504,-0.7862535657973211,1.1403754083306576
20258278000170,OUROFINO S.A. (2022),2022,0.4440652759423399,-0.2741858716945396,-0.30192910345960866,0.17232423883423784,-0.019779775792027065,0.12672338511444595,-0.6545916557930842,0.8675212897795246
20258278000170,OUROFINO S.A. (2023),2023,0.006383853393705171,1.447547743559834,-1.1816941756247434,-1.0614786368883937,-0.5836627501409605,0.3824103423179182,-0.056128524402124395,-1.4186657541430574
20258278000170,OUROFINO S.A. (2024),2024,1.185210551700809,-1.1490815472946643,0.916567485627667,-0.1507752386485545,0.18498512103531334,-0.6077519406451506,-0.5036581514246206,1.004827761093605
20258278000170,OUROFINO S.A. (2025),2025,0.22781813050477875,-0.2303624243973909,0.48087950069270646,0.39927751577826104,0.3698190519263667,-0.476254171778264,0.4649173887030031,1.3665944620780004
21240146000184,AGROGALAXY PARTICIPAÇÕES S.A. - EM RECUPERAÇÃO JUDICIAL (2021),2021,-1.5420680938958014,-1.0908584796787952,-0.949122998849476,5.865714535653438,-2.477862272929985,-0.4114243318911285,0.02904234951409971,0.6823062026733782
21240146000184,AGROGALAXY PARTICIPAÇÕES S.A. - EM RECUPERAÇÃO JUDICIAL (2022),2022,0.16708258031615922,1.2733621417162757,-0.8069019950142384,3.258269697106784,0.602151836940879,-1.041182838170569,-0.21531069130168362,0.7310157915382727
21240146000184,AGROGALAXY PARTICIPAÇÕES S.A. - EM RECUPERAÇÃO JUDICIAL (2023),2023,-0.3525054315121422,2.826820419410393,2.68127606263984,-1.5423693713688529,0.27667519176345595,0.37391529608315366,0.20627042495948295,-0.06361681094301948
21240146000184,AGROGALAXY PARTICIPAÇÕES S.A. - EM RECUPERAÇÃO JUDICIAL (2024),2024,-1.5318839410078844,-19.2893895030817,3.5142810376191536,-3.1583584018724964,-0.8861573708870241,31.213002044108404,6.601992111349987,-6.535427742510342
31553627000101,GRUPO TOKY S.A. (2021),2021,11.874249275045916,0.14142100783624956,-0.771071638266111,0.40317353351507296,5.382599702038973,1.7093871352596033,-4.269620159242498,3.2182733668149406
31553627000101,GRUPO TOKY S.A. - EM RECUPERAÇÃO JUDICIAL (2022),2022,-0.7760876087241368,0.02371998806168177,3.3353173339077737,-1.177293356051312,-1.9918663908733314,0.8316117133860631,0.15175852002541623,-0.6404722481359177
31553627000101,GRUPO TOKY S.A. - EM RECUPERAÇÃO JUDICIAL (2023),2023,0.6866339437900116,-0.9766928093516128,1.2467995564752592,-1.3408853974324564,-0.30079722128971104,0.711080124323553,-3.0462085933031355,0.5155352060114722
31553627000101,GRUPO TOKY S.A. - EM RECUPERAÇÃO JUDICIAL (2024),2024,-0.2468245763010887,-0.71263267844861,4.0143304072795045,1.9213842228844,5.274549510946067,-0.817052255397571,7.891337998196912,-0.034698273672755034
31553627000101,GRUPO TOKY S.A. - EM RECUPERAÇÃO JUDICIAL (2025),2025,-2.274102240267674,-1.4930884810235145,0.7317943920411502,3.357934449377673,-3.485276948334679,-0.26138089684668164,2.536208630156459,-0.9747861289271879
33041260065290,GRUPO CASAS BAHIA S.A. (2021),2021,-0.6283419579668507,1.1501813689026799,0.7387448448083533,-0.23801895947950635,0.5330868705706358,1.2361248117841552,-0.054877597282192506,0.1289935210215939
33041260065290,GRUPO CASAS BAHIA S.A. (2022),2022,-0.030625141681679974,-0.2949046213744121,0.6214087368304912,-0.5872275363432964,-0.8407095184194171,-0.8587338715098284,-0.3166145754913462,-0.458631979577652
33041260065290,GRUPO CASAS BAHIA S.A. (2023),2023,-1.627973639755437,1.4901249368706346,0.6399545815825081,-0.9222103493645628,-0.4044223596449278,0.10880198430276576,-0.012158269631306156,-1.6274884782752637
33041260065290,GRUPO CASAS BAHIA S.A. (2024),2024,1.717355612976944,-1.1384462730774645,0.046067366902867335,-0.8742790263919153,0.23354373393622407,0.01520282461798971,0.25285767316174634,-3.062715488267082
33041260065290,GRUPO CASAS BAHIA S.A. (2025),2025,0.2502630950257188,0.17453953087029297,-0.15531500155352015,-0.21757166515201917,0.13848875196409163,-0.7282314857921836,-0.536179308872829,-5.090667481360471
33453598000123,RAÍZEN S.A. (2021),2021,2.48444923612792,-0.07387454749508336,0.05162523216359324,-1.1635713704077053,-0.6196531809299696,1.042797210086598,-0.3374635799590312,-0.016410141263800023
33453598000123,RAÍZEN S.A. (2022),2022,1.0236032363442227,-2.6139807374003627,-1.700695254467322,5.164257088120084,-1.5108623736208135,-0.07356715675764634,0.31915521825250925,-0.5645047308832262
33453598000123,RAÍZEN S.A. (2023),2023,0.35177455245286865,-0.1369581232866107,0.71226284793266,0.8531997371821185,-0.6752637123533362,0.1034782730033773,-0.15312730261303326,-0.44225596740048145
33453598000123,RAÍZEN S.A. (2024),2024,1.4457911834085577,-1.601991798439224,-0.42326384062830164,-1.108271678018373,0.8809653554399915,2.7378462805008077,-0.24282576934781613,-1.1512904866808549
33453598000123,RAÍZEN S.A. (2025),2025,-1.1064232203383728,6.885571398090086,-0.16511077065008845,0.21026416484925484,1.0668779348195867,-0.9489974389978383,0.5790912899428263,-0.22350499515249173
34274233000102,VIBRA ENERGIA S/A (2021),2021,-0.37450054532574834,0.5541951967354364,-0.3509856569709979,2.4249086480216606,0.13691935428988086,-2.3918416302845773,1.8483116217284619,0.6164838170291871
34274233000102,VIBRA ENERGIA S/A (2022),2022,-0.31397103051855335,3.597750951928456,0.1047400537665148,1.4044371541949217,0.6330929817989475,-2.5430136133573984,0.23467506937308927,0.6179788174600782
34274233000102,VIBRA ENERGIA S/A (2023),2023,0.09702250496840005,-2.4545128296036416,-0.004872693327636956,-1.101818313077455,0.36802428971016365,1.6916808753489065,-1.0926731766991644,0.19158954912170192
34274233000102,VIBRA ENERGIA S/A (2024),2024,-0.8534660428356947,0.9903668370693236,0.3775728062777465,-0.2981282409272323,0.400409037993672,-0.22864626119902126,-0.4125911681588795,1.0223268921647308
34274233000102,VIBRA ENERGIA S/A (2025),2025,1.2625795193269684,-0.18359198630249884,0.4644563384042916,-0.09460391189081016,1.324064677985573,1.4136921379706773,-0.04542775370272666,-0.2567437131705986
38456921000136,INFRACOMMERCE CXAAS S.A. (2021),2021,5.045974646192798,0.38689305563526166,3.8249413228154343,3.4067220560922458,-0.012730398000136306,1.7927170790020297,-3.688501282628105,0.7276004122000733
38456921000136,INFRACOMMERCE CXAAS S.A. (2022),2022,-1.8351696852783699,1.872683649907075,-0.1276439432103626,5.0136522953429195,-2.8229387220558317,-0.917971736849386,-0.8327448504836291,-0.8408569120573728
38456921000136,INFRACOMMERCE CXAAS S.A. (2023),2023,-0.03270623918618439,0.07667792941014465,-0.10542221316233194,0.4393061342450728,-1.1936302850051825,-1.4182552599903808,0.15234133261942384,-1.2050243552865534
38456921000136,INFRACOMMERCE CXAAS S.A. (2024),2024,-0.21045082329496123,6.006054959890613,-1.4572804664175945,-0.6208134346488258,0.039458211646456194,27.528413009557323,7.937351206920134,-6.535427742510342
38456921000136,INFRACOMMERCE CXAAS S.A. (2025),2025,0.5653543499949795,3.1501912350170387,-0.10499976457668461,-2.2712638814773767,1.3841530508836264,-5.167716084584206,-2.664281568989911,-2.425326714685381
39346861035038,CENCOSUD BRASIL COMERCIAL S.A. (2021),2021,-1.8158189141314838,0.959375669593268,0.04547607172378532,-0.7432188578993777,1.974284262582155,-0.6557387020329298,0.4690847634843119,-0.2103640819339739
39346861035038,CENCOSUD BRASIL COMERCIAL S.A. (2022),2022,3.4255082940995303,0.13658159650904722,-0.017484236625553047,0.06331878581966736,-0.0915958566564758,0.061245681884437124,1.932273509706073,-2.4791040498533117
39346861035038,CENCOSUD BRASIL COMERCIAL S.A. (2023),2023,-0.7136152322219721,0.6754262300213805,-0.44895076240205994,-0.15712312166046746,0.4484546240371734,-0.253927390213684,1.1848984488864416,-0.9911946378512334
43948405000169,LUPO S.A. (2021),2021,-1.2876141350685766,-4.519161698682005,0.41417350824324267,3.523198594998243,2.875984790752783,-1.6839821253752048,0.3208687994994109,2.0212932819067335
43948405000169,LUPO S.A. (2022),2022,-0.1911026679392811,2.082692263313797,-0.6526772792872002,0.06793059171012673,-0.8848844213968086,0.45318705798640757,1.7947124737972358,1.0188577023879462
43948405000169,LUPO S.A. (2023),2023,-0.4005405584436852,1.8671666230032407,-0.42309959284609755,-0.701772541787054,-0.5045315570921894,0.26013434723801626,-0.89526091618087,-0.38068859471621935
43948405000169,LUPO S.A. (2024),2024,1.365889269707025,-0.778551251282364,-0.6686121224860467,-0.31155354159711013,0.0042333834573714405,0.42117670170945026,-0.5212508206652468,0.8475122992739492
43948405000169,LUPO S.A. (2025),2025,0.0,0.5397454078239459,-1.1776223060437434,-0.44531231728449755,-0.09917847102484183,0.5547837515497684,-1.3369349867264972,0.6336960241710367
45453214000151,PROFARMA DISTRIB PROD FARMACEUTICOS S.A. (2021),2021,-0.12999340197850986,-0.14314254912278193,-0.19608591475804968,0.27128098650468135,0.7884691715295026,0.05863972258038414,-0.08316817202784627,0.4743052344570371
45453214000151,PROFARMA DISTRIB PROD FARMACEUTICOS S.A. (2022),2022,0.28606164349558755,-0.383946254030951,-0.7033704136691976,0.5174921781233077,-0.29281251650370504,-0.4331094155772657,0.33658527124860643,0.4491785349153768
45453214000151,PROFARMA DISTRIB PROD FARMACEUTICOS S.A. (2023),2023,0.27225834552742917,-0.16633416353277442,-0.7065632198282963,-0.0408922644675689,0.2716335809444178,2.0227509375348682,0.3963601369096585,0.1601013831083885
45453214000151,PROFARMA DISTRIB PROD FARMACEUTICOS S.A. (2024),2024,0.1650769603134119,-0.012657922928388856,-0.3915114920531301,0.2825513867294178,0.9717476491740993,-0.024281381123117438,0.03029626145572326,-0.14952198211469855
45453214000151,PROFARMA DISTRIB PROD FARMACEUTICOS S.A. (2025),2025,0.11547545559332216,-0.18505561569036488,-0.5913672354505874,0.0578231470810647,0.5826175714930114,-0.09934131724519112,0.026447758758604858,-0.012217405411980223
47508411000156,CIA BRASILEIRA DE DISTRIBUICAO (2021),2021,0.4565368303801416,0.8601950164814651,0.06625426823078687,-0.5833207604177817,-1.0470414100463663,-0.00871264990854492,0.0,0.1738172428696353
47508411000156,CIA BRASILEIRA DE DISTRIBUICAO (2022),2022,3.7205287333426327,0.2703236600189944,-1.8067390185319976,-3.2501698619282946,-0.5285209149090593,0.4075751611178014,0.25704503852122323,0.5988279150502968
47508411000156,CIA BRASILEIRA DE DISTRIBUICAO (2023),2023,-0.9513244022006303,-0.03799977657315405,3.8128120765009093,-0.024776812584436123,-0.47225102902527344,0.024225258270857742,-0.8830391876749695,-0.7323860230323739
47508411000156,CIA BRASILEIRA DE DISTRIBUICAO (2024),2024,-0.6399501463731105,-1.1096328887285103,0.09510030248256977,-0.7077138013943313,-0.19051290347143726,0.24897871648675404,-0.10154720487437413,-1.4529703863906014
47508411000156,CIA BRASILEIRA DE DISTRIBUICAO (2025),2025,-0.8389089489742373,0.04041117828249728,-0.4604162482393495,-0.5002731201775505,0.42033520327014107,-0.18371950184603422,0.3028712718300003,-0.6831011415341058
47960950000121,MAGAZINE LUIZA S.A. (2021),2021,0.07902148564897396,0.9741448739278543,1.3872378305752964,0.46868410826398815,1.7801116259117402,0.02911678089514462,0.06246793493104903,1.8997535954675724
47960950000121,MAGAZINE LUIZA S.A. (2022),2022,0.7216069124274742,-1.7458059645752708,0.9089300352436485,-0.29784452802740824,-1.415696023374074,0.6272433235439878,-0.021884874456284602,-0.4395910508761727
47960950000121,MAGAZINE LUIZA S.A. (2023),2023,-0.3417248406827098,0.21747269568098462,0.6583332076226394,-0.6589222950641953,-0.31907121441902697,0.44540593013744784,-0.16749506229165118,-0.6631993126979026
47960950000121,MAGAZINE LUIZA S.A. (2024),2024,-0.020953990219696322,-1.1709024634549925,0.13930796735530177,-0.4126814825450504,-0.162786811477707,-0.08159473371848362,-0.9715111942563776,-3.7692966603727522
47960950000121,MAGAZINE LUIZA S.A. (2025),2025,-0.07707247908614899,0.36455861344830937,-0.09684957975901506,-0.4987540099196511,0.6484891626921659,0.028521533095972076,0.15967937713913163,-3.7364378575570867
51218147000193,IGUATEMI EMPRESA DE SHOPPING CENTERS S.A (2021),2021,0.2637219683540865,0.5886521419798442,-0.3365181253185561,0.7660976614502648,0.9680475107239672,0.20589857938320913,-0.8958995992565992,0.694136703516161
51218147000193,IGUATEMI EMPRESA DE SHOPPING CENTERS S.A (2022),2022,-0.5313986619822646,-0.18192679072989515,0.35446740055617354,0.23513384412248237,0.27254407080174725,0.3617730917840089,0.15059565929156327,0.14213214258747892
51218147000193,IGUATEMI EMPRESA DE SHOPPING CENTERS S.A (2023),2023,-0.5927115682838616,-1.1249041270411733,-0.23375119937258682,-0.3687230391345383,0.34057068160655374,-1.0354187482605293,-2.1955673646619362,0.3835361126813274
51218147000193,IGUATEMI EMPRESA DE SHOPPING CENTERS S.A (2024),2024,2.0566201867356546,-0.06794264460871362,-0.2777670811500694,-0.4623926321231078,-0.06337298974193407,1.0854773148329677,-0.21521901756393022,0.45773417611501666
51218147000193,IGUATEMI EMPRESA DE SHOPPING CENTERS S.A (2025),2025,1.0383668594134141,-1.209145089588085,-0.06819617052136313,-0.0013536815038768068,2.401954425879871,0.0,0.7209430459195344,0.8834108201088205
53153938000108,UNIÃO PET PARTICIPAÇÕES S.A. (2024),2024,-0.12720349291909688,0.28428147149361677,-1.1690937119280957,-0.2838736933123549,-0.3457889538398176,0.3746237619547276,-0.18151174999699085,-0.5628995863325847
53153938000108,UNIÃO PET PARTICIPAÇÕES S.A. (2025),2025,0.10416716716466022,-0.5748142013481806,-0.5749632290737856,-0.07833713869628012,-0.18495459657392002,-0.5580270454418832,0.20021189678426304,-1.0792233876374424
60500139000126,SARAIVA LIVREIROS S.A. - EM RECUPERAÇÃO JUDICIAL (2021),2021,0.3125677385040563,-2.808931733913289,2.124702765407772,-3.2501698619282946,3.3303083270064127,2.7211055854727415,1.3372334966159434,3.3575435998058554
60500139000126,SARAIVA LIVREIROS S.A. - EM RECUPERAÇÃO JUDICIAL (2022),2022,1.6347069727392212,-0.9412451129490486,-0.5425564861395357,-0.7177705615817527,-1.2729728779756029,3.7879588286775014,0.7493936636722426,3.95690846755829
61189288000189,MARISA LOJAS S.A. (2021),2021,0.30424816813190086,-2.5394303483774086,0.07048706758792966,0.3239513635130654,0.17957810855460724,-0.41191314575279675,-0.23076079597404475,0.3151079917914007
61189288000189,MARISA LOJAS S.A. (2022),2022,-1.3042066981604372,2.7786559130175577,0.06486046463618435,-0.13829321631652594,-0.09784433345725221,-0.2907428723924819,0.9941004964803062,-2.8755151829990773
61189288000189,MARISA LOJAS S.A. (2023),2023,-2.6340288400338454,-2.706245813335715,0.984001236744771,-2.6137136131900967,0.42632798775907127,4.28506353462005,1.0252204083737295,-3.1140902096992398
61189288000189,MARISA LOJAS S.A. (2024),2024,-1.8891030928241115,0.07725856348874939,0.5586280241092902,-1.3659147999775887,0.42642609489267314,-0.8299167732671142,-2.0092092710803056,-0.7441498663921734
61189288000189,MARISA LOJAS S.A. (2025),2025,3.7804687205871716,-0.87758423832288,0.12787252734716137,-0.25683481138059877,-0.09659308022175554,-0.789320251522163,-0.03528733161664849,0.2944578260430987
61585865000151,RAIA DROGASIL S.A. (2021),2021,-0.2004697658727783,-0.16163339556744122,-0.5487639860292359,0.43449473801534183,0.028163134315672578,-0.10080098098245781,0.3940667778899177,-0.009043792869263876
61585865000151,RAIA DROGASIL S.A. (2022),2022,0.4283427824161615,-0.12849827253363788,-0.06311489632776283,0.4467818485854845,-0.1245862797706385,-0.04865415944954862,0.4300503506138289,0.14166909743350684
61585865000151,RAIA DROGASIL S.A. (2023),2023,0.8798069255215266,0.1697986586749876,0.2930827363205825,0.26516617214221133,0.04250235367593165,-0.07452311651514004,0.34926534082798605,0.18442482089519294
61585865000151,RAIA DROGASIL S.A. (2024),2024,-0.7511200338223724,0.19338776907149838,-0.07431645750281828,0.14079953877377802,0.48957552509182545,-0.19089985987499114,-0.1215904087255902,-0.18866448314329815
61585865000151,RAIA DROGASIL S.A. (2025),2025,0.8110587980650082,0.24698987666483224,-0.5234771196735234,0.11159144277508833,0.3207045165676184,-0.1777002238225541,-0.17545227037505604,0.07799982850863621
79430682000122,FARMÁCIA E DROGARIA NISSEI S.A. (2021),2021,0.37951603704869774,0.0013420048635748164,-2.113837828101556,0.18560591841454865,0.2725944709287409,-0.22274394053894173,-0.3358880190857715,-0.1953585648655298
79430682000122,FARMÁCIA E DROGARIA NISSEI S.A. (2022),2022,0.9914134736186728,0.21736179587674856,0.8733122838378917,0.3548182011240952,0.3219898694305519,-0.490969194296603,-0.2151461745028328,0.17072277828420446
79430682000122,FARMÁCIA E DROGARIA NISSEI S.A. (2023),2023,0.1682563865549566,0.2548268659727523,3.369215771000689,0.19757443988766582,1.279543920265258,-0.505708880158551,-1.0206602953630401,0.7764456907422561
79430682000122,FARMÁCIA E DROGARIA NISSEI S.A. (2024),2024,-0.6471459718429954,0.8004541609779847,-0.44535460355922285,0.3268582868226856,4.213203571873774,0.2051796335010103,-0.7132360770488494,-0.097443410309702
79430682000122,FARMÁCIA E DROGARIA NISSEI S.A. (2025),2025,-0.9172116718995144,-0.26648121380896117,-0.9438990541189032,0.20525699851595666,-1.3253867587695733,0.15863696910455694,0.21522839659764065,0.037765969826282914
82901000000127,INTELBRAS S.A. IND. DE TELECOMUNICAÇÃO ELETRÔNICA BRASILEIRA (2021),2021,-0.5884480527263937,1.532457575738125,0.17772484979361156,1.6668015032781682,-0.6377444417131725,-0.7311315714256116,-2.3391446597368715,1.7425487136848434
82901000000127,INTELBRAS S.A. IND. DE TELECOMUNICAÇÃO ELETRÔNICA BRASILEIRA (2022),2022,-0.1428216609566166,0.5399852567165445,4.778287492847872,1.2862677072465325,-0.9816072998290403,-0.04791443733421188,1.258217266800223,0.24009571498177573
82901000000127,INTELBRAS S.A. IND. DE TELECOMUNICAÇÃO ELETRÔNICA BRASILEIRA (2023),2023,1.067013905466653,-1.0694999895170212,0.06848528578585465,-0.7408798406695961,0.6346370264008322,1.1217600861179882,-1.5289957149779654,0.5410653830038357
82901000000127,INTELBRAS S.A. IND. DE TELECOMUNICAÇÃO ELETRÔNICA BRASILEIRA (2024),2024,0.5901829764471642,0.21064059592832335,0.12920381222377605,0.21569731660101588,-0.14550498311991839,-0.23242526182245973,-0.060287005602114516,1.3438134134528756
82901000000127,INTELBRAS S.A. IND. DE TELECOMUNICAÇÃO ELETRÔNICA BRASILEIRA (2025),2025,0.2011185128111175,0.3359946466185193,-0.0779871534661465,-0.901038047752982,-0.7296899885235,0.1406874773766787,-0.8966582156723922,-0.3095047848751254
92012467000170,GRAZZIOTIN S.A. (2022),2022,-0.7630219264262504,-0.1939731557667057,0.08816725448403967,-0.02188631606301397,-0.6710989873246834,1.0527039363461317,-1.2193077684787843,-0.4367804080621504
92012467000170,GRAZZIOTIN S.A. (2023),2023,0.019043863291150185,0.6877503027783952,-0.08616618787801313,-0.6279231224755066,-0.8626847960878703,0.8538540498623977,0.445812793941839,0.07742768898794142
92012467000170,GRAZZIOTIN S.A. (2024),2024,0.006231606107977055,-0.1597794716663922,-0.4421090098211976,-0.20092883533821043,1.17392954413994,-0.22551893712765686,-0.602376835641933,0.1576577300135574
92012467000170,GRAZZIOTIN S.A. (2025),2025,-0.47545636601180924,-0.13694091653000817,0.32368279102771386,-0.4746435620013234,-0.9003833661557058,0.2292022728147354,-0.17051412696890078,0.016066246239822998
92665611000177,DIMED S.A. DISTRIBUIDORA DE MEDICAMENTOS (2021),2021,0.1289251533850754,-0.5423532231698762,0.3074907529199807,0.14060120357868022,-0.26963360283086363,0.8960811930140349,0.09296691012990439,0.3206394355939552
92665611000177,DIMED S.A. DISTRIBUIDORA DE MEDICAMENTOS (2022),2022,-0.09686146734871456,-0.14325936004662285,0.2925880385195438,0.6105415170340559,0.45082549991948856,-0.18909104160796278,0.3272985780195073,0.09182945879904325
92665611000177,DIMED S.A. DISTRIBUIDORA DE MEDICAMENTOS (2023),2023,0.494897175831241,0.16816519425826143,-0.1523339789434721,0.008286506112888036,0.13895004160316432,-0.13010418207542668,0.13936121408242924,-0.14485613578493117
92665611000177,DIMED S.A. DISTRIBUIDORA DE MEDICAMENTOS (2024),2024,-0.13682986938743338,-0.31358521549639384,0.3770564894733332,-0.04217038269731742,0.5883445461274117,0.16906698625849068,-0.012583258593690689,0.17949667427972574
92665611000177,DIMED S.A. DISTRIBUIDORA DE MEDICAMENTOS (2025),2025,0.3406117130867871,-0.17368428784644308,-0.510337876163897,-0.005137329160108446,0.5475602060656514,-0.05702878375203434,0.07074118664598715,-0.4043255603761056
92754738000162,LOJAS RENNER S.A. (2021),2021,0.21188886163975607,-0.1964752201526766,-0.8080307029425946,1.445571493643686,1.233429468073292,-0.6575151035896877,-1.629348825565266,0.2633807575426775
92754738000162,LOJAS RENNER S.A. (2022),2022,-0.01181336108202789,-0.3222648185538155,0.5456959644942416,0.7022432617159924,0.0,-0.7182194265210868,-0.7213395151310242,0.4271418245642783
92754738000162,LOJAS RENNER S.A. (2023),2023,0.11327900140051796,0.043436415901865616,0.6520350657733648,-0.44374626428018793,-0.12481157005696848,0.24421802014842744,-0.3467178292504475,-0.31383209358921055
92754738000162,LOJAS RENNER S.A. (2024),2024,0.08543027621554855,-0.010453461770007553,-0.2675434755552724,-0.2953577886551189,-0.4921920677698543,0.044523853065460875,-0.8843673654866008,-0.1151845022723618
92754738000162,LOJAS RENNER S.A. (2025),2025,-0.06426363267605628,-0.18204081745722436,0.19849390108778317,-0.09984811077710498,-0.012710732361814218,-0.2228484874610512,-0.42244511092339754,-0.1689834417722097
96418264021802,LOJAS QUERO QUERO S.A. (2021),2021,0.2766302528396194,0.8060857377995304,0.1970999438702041,0.6974383804291153,0.9776592257784364,-0.12498231054896622,-1.1616107507073743,0.2696368225448141
96418264021802,LOJAS QUERO QUERO S.A. (2022),2022,-0.0030912937237048037,2.291403385280416,-0.08805977328332196,0.10577580242494765,-0.3146585985980593,-0.204005358005245,-0.37422752194449627,-0.33257818168527264
96418264021802,LOJAS QUERO QUERO S.A. (2023),2023,0.6739501784114258,-0.38494436749696254,0.950782194885871,-0.40049339215602253,-0.7720051470002467,0.8416058464278999,0.5732193918493786,0.08325309862712367
96418264021802,LOJAS QUERO QUERO S.A. (2024),2024,0.42855593672622533,-0.07713918863788946,-0.7427039827057542,-0.022399643252978486,-0.023232090565282543,-0.18069947066527214,0.37109212947280507,-0.3666410171067559
96418264021802,LOJAS QUERO QUERO S.A. (2025),2025,0.7090113294997775,0.9995900255155271,-0.5416160876688717,-0.35589131982447286,-0.24083084687604725,0.04290160326113711,0.36681406955218737,-0.3411053377639581
