CNPJ,CVM,DENOM_CIA,DT_REFER,ANO_REFER,DSRI,GMI,AQI,SGI,DEPI,SGAI,LVGI,TATA,MSCORE,COMPANHIA_ANO
00776574000156,20990,AMERICANAS S.A. - EM RECUPERAÇÃO JUDICIAL,2021-12-31,2021,1.7033073383117565,0.953834525229606,1.2129742763730245,2.2417110950464263,3.4033488413239956,1.0142701958891003,0.9875478339918907,0.03076101851055684,-0.24175140804095627,AMERICANAS S.A. - EM RECUPERAÇÃO JUDICIAL (2021)
00776574000156,20990,AMERICANAS S.A. - EM RECUPERAÇÃO JUDICIAL,2022-12-31,2022,0.6850385281842323,1.530595651281192,0.5709564997878459,1.1371635559452888,0.878905672577426,1.3789444715364896,2.8852027722281606,-0.2142369710592971,-4.238574123239481,AMERICANAS S.A. - EM RECUPERAÇÃO JUDICIAL (2022)
00776574000156,20990,AMERICANAS S.A. - EM RECUPERAÇÃO JUDICIAL,2023-12-31,2023,0.7515625020258782,0.6676885435464636,1.9303416759151204,0.5789474377565635,0.9250646656257303,1.3975846978431299,1.1387108542302775,-0.07475567029319564,-3.3558861577123187,AMERICANAS S.A. - EM RECUPERAÇÃO JUDICIAL (2023)
00776574000156,20990,AMERICANAS S.A. - EM RECUPERAÇÃO JUDICIAL,2024-12-31,2024,0.7858080468231616,0.9040683698891097,0.7875329372714388,0.9603132110828537,1.1042806627601536,0.8135277592020154,0.1926685581062829,0.6772401946750645,0.6279239473408689,AMERICANAS S.A. - EM RECUPERAÇÃO JUDICIAL (2024)
00776574000156,20990,AMERICANAS S.A. - EM RECUPERAÇÃO JUDICIAL,2025-12-31,2025,0.9524974004266106,1.1937089961027403,0.9089011233471862,0.8575510488535787,0.9879792583280955,0.8534612549400327,1.1704544167935964,-0.05120315096313619,-2.8567883110455905,AMERICANAS S.A. - EM RECUPERAÇÃO JUDICIAL (2025)
04626426000106,27774,BTG PACTUAL COMMODITIES SERTRADING S.A.,2025-12-31,2025,3.6332197657354466,0.8080100528789828,7.789881886346699,0.8147712901677425,18.181562508054412,2.241678312509481,1.6648555519263077,0.10334260244868768,4.4475230553625416,BTG PACTUAL COMMODITIES SERTRADING S.A. (2025)
04972092000122,26166,GRUPO FARTURA DE HORTIFRUT S.A.,2021-12-31,2021,0.9244889294433223,1.0154673803386902,0.8697621379859707,1.1330669970585012,1.0046413236214122,1.0784568806987085,1.0592667429456017,-0.043643799523129675,-2.7117741371464508,GRUPO FARTURA DE HORTIFRUT S.A. (2021)
04972092000122,26166,GRUPO FARTURA DE HORTIFRUT S.A.,2022-12-31,2022,1.0946804119263287,0.9765934274329572,1.1733369918546446,1.1560417054090577,0.9991256631231541,1.0167511196102554,0.9717157641135987,-0.061010705730795124,-2.475237233702358,GRUPO FARTURA DE HORTIFRUT S.A. (2022)
04972092000122,26166,GRUPO FARTURA DE HORTIFRUT S.A.,2023-12-31,2023,1.068660308524189,0.9894601118964617,2.687889736050117,1.1355116513604442,0.9399947855977947,0.9876221123580324,0.8195770445321573,0.053229186367180915,-1.316327664230461,GRUPO FARTURA DE HORTIFRUT S.A. (2023)
04972092000122,26166,GRUPO FARTURA DE HORTIFRUT S.A.,2024-12-31,2024,0.9390721227067222,0.9979699901998673,1.5169962676360884,1.0967477494153959,0.9964357531419568,0.9356218962141675,1.0661787221652437,-0.05236022809148699,-2.4979308116063867,GRUPO FARTURA DE HORTIFRUT S.A. (2024)
04972092000122,26166,GRUPO FARTURA DE HORTIFRUT S.A.,2025-12-31,2025,0.8374896376805707,1.018285749308984,1.1085454489435866,1.0996028506573803,0.9591062523973246,0.9968414911109713,0.9652671747423333,-0.048825362428396246,-2.7084123079277433,GRUPO FARTURA DE HORTIFRUT S.A. (2025)
05917486000140,25895,LIVETECH DA BAHIA INDÚSTRIA E COMÉRCIO S.A.,2021-12-31,2021,0.6779328913220192,1.2039847697102941,1.0286061736697931,1.4853971547744222,0.8830671961522915,1.2029921056449455,0.8047454141359415,0.0683721266948914,-1.888667109585799,LIVETECH DA BAHIA INDÚSTRIA E COMÉRCIO S.A. (2021)
05917486000140,25895,LIVETECH DA BAHIA INDÚSTRIA E COMÉRCIO S.A.,2022-12-31,2022,1.1919998205618585,1.19542394180411,1.3221929670823522,1.0040531342175285,0.8984302510822693,0.6251041444636046,0.6497014332404176,0.020559335490835905,-1.8028486412684892,LIVETECH DA BAHIA INDÚSTRIA E COMÉRCIO S.A. (2022)
05917486000140,25895,LIVETECH DA BAHIA INDÚSTRIA E COMÉRCIO S.A.,2023-12-31,2023,1.3358424033687286,1.1064335927503908,1.816479204568364,0.841080207861575,0.8557420257330896,0.7219216332637656,0.569485985693555,-0.15944410077668913,-2.500747960688402,LIVETECH DA BAHIA INDÚSTRIA E COMÉRCIO S.A. (2023)
05917486000140,25895,LIVETECH DA BAHIA INDÚSTRIA E COMÉRCIO S.A.,2024-12-31,2024,1.5515298471321417,0.8100334811842321,0.9930034365947227,0.9302377994420001,0.9488612677403109,2.0413831777775107,1.712448315471548,-0.06977158031791182,-2.882380041340925,LIVETECH DA BAHIA INDÚSTRIA E COMÉRCIO S.A. (2024)
05917486000140,25895,LIVETECH DA BAHIA INDÚSTRIA E COMÉRCIO S.A.,2025-12-31,2025,0.7171734437538355,0.950961557578766,0.9757662162324933,1.0405379761565186,0.8032773253716823,4.270573402796275,1.1731033528810377,-0.2821794845895369,-4.701807640905098,LIVETECH DA BAHIA INDÚSTRIA E COMÉRCIO S.A. (2025)
06347409000165,25410,SBF COMÉRCIO DE PRODUTOS ESPORTIVOS S.A.,2021-12-31,2021,0.4660871440773866,0.836993667895741,1.2056462749219932,1.3287100868444541,0.9101359304755332,0.9052134148622317,0.9812824327489699,-0.0018185130374364998,-2.677395931628811,SBF COMÉRCIO DE PRODUTOS ESPORTIVOS S.A. (2021)
06347409000165,25410,SBF COMÉRCIO DE PRODUTOS ESPORTIVOS S.A.,2022-12-31,2022,1.284589675683469,1.0170508685103783,1.1980103684643957,1.3007837392095478,0.9788852055549206,1.049069416620134,0.9039118843117995,-0.041710814131617244,-2.035491582074839,SBF COMÉRCIO DE PRODUTOS ESPORTIVOS S.A. (2022)
06347409000165,25410,SBF COMÉRCIO DE PRODUTOS ESPORTIVOS S.A.,2023-12-31,2023,0.37459371720224277,0.854317646014039,1.1554436706114728,1.5161221478606468,0.8119967073470792,1.088725379739526,0.9183503229821456,-0.06457890983987227,-2.9214602829860006,SBF COMÉRCIO DE PRODUTOS ESPORTIVOS S.A. (2023)
06347409000165,25410,SBF COMÉRCIO DE PRODUTOS ESPORTIVOS S.A.,2024-12-31,2024,0.8831373411422799,0.9440532633255423,1.0841936417595137,1.0148005440338312,1.0113684285942341,1.0395751421994242,0.967497526165591,-0.071795540803344,-2.9006397882091535,SBF COMÉRCIO DE PRODUTOS ESPORTIVOS S.A. (2024)
06347409000165,25410,SBF COMÉRCIO DE PRODUTOS ESPORTIVOS S.A.,2025-12-31,2025,1.1332340968103527,1.082998187686776,0.9683430940166876,1.2703302849009914,0.9695934301045184,0.8477890582806483,1.0237933252812368,-5.037414472141688e-05,-2.0705889552737995,SBF COMÉRCIO DE PRODUTOS ESPORTIVOS S.A. (2025)
06626253000151,22608,EMPREENDIMENTOS PAGUE MENOS S.A.,2023-12-31,2023,0.933024861321247,1.014656587011141,0.990210731045869,1.2190696016737266,0.757526962775325,1.0075085187815302,1.0539323274827,-0.054384899625058325,-2.643701910550827,EMPREENDIMENTOS PAGUE MENOS S.A. (2023)
06626253000151,22608,EMPREENDIMENTOS PAGUE MENOS S.A.,2024-12-31,2024,0.9554686079011604,0.9937307081929143,0.4683556605821967,1.128520560658061,2.223931833082962,0.967554723564909,0.9961331823069639,-0.03131551104528816,-2.62335111826678,EMPREENDIMENTOS PAGUE MENOS S.A. (2024)
06626253000151,22608,EMPREENDIMENTOS PAGUE MENOS S.A.,2025-12-31,2025,1.5154962276439956,0.9966911641423724,0.8938125248051916,1.179135844705966,0.9517103460273452,0.9595538838420911,1.0475032576197658,0.006104066686510243,-1.876170317844509,EMPREENDIMENTOS PAGUE MENOS S.A. (2025)
07859510000168,24473,JHSF MALLS S.A.,2021-12-31,2021,0.9617927987469765,0.984391813036924,0.9770540764934132,1.3590527827980907,0.8792783222341215,1.0210661152404374,1.0537284689754143,0.00030987399929947016,-2.246012492386719,JHSF MALLS S.A. (2021)
07859510000168,24473,JHSF MALLS S.A.,2022-12-31,2022,0.8948239587136522,0.9727521957894179,0.9920995423987464,1.2631499982950865,1.1427970796468803,1.0106342552473435,1.118906014837908,-0.023639922524440953,-2.494511677085324,JHSF MALLS S.A. (2022)
08764621000153,21008,GENERAL SHOPPING E OUTLETS DO BRASIL BRASIL S.A.,2021-12-31,2021,0.7480088846018702,0.9083282088343015,0.9245267881918915,1.4227781349080963,1.0711170099007714,0.7596600075764519,1.1042276238236017,-0.1256122946151676,-2.9859130377934693,GENERAL SHOPPING E OUTLETS DO BRASIL BRASIL S.A. (2021)
08764621000153,21008,GENERAL SHOPPING E OUTLETS DO BRASIL BRASIL S.A.,2022-12-31,2022,0.6962248692216039,1.0440000504380806,1.044608128417019,1.180198186607854,1.0200770928219731,0.8768005000593144,1.070311018841343,0.026132468197090187,-2.4347013321527453,GENERAL SHOPPING E OUTLETS DO BRASIL BRASIL S.A. (2022)
08764621000153,21008,GENERAL SHOPPING E OUTLETS DO BRASIL BRASIL S.A.,2023-12-31,2023,0.9919018436294523,1.01795204756382,0.924167742907994,1.042773253739091,1.4478465980463406,1.1597364754634187,0.9638876757368258,0.10218729557335066,-1.9564833412597216,GENERAL SHOPPING E OUTLETS DO BRASIL BRASIL S.A. (2023)
08764621000153,21008,GENERAL SHOPPING E OUTLETS DO BRASIL BRASIL S.A.,2024-12-31,2024,0.8291394648843246,1.0219342908639168,1.0631611618364483,1.1231122477552316,0.9992151088238153,0.9122792840584746,1.5835366915275462,-0.6613579590033096,-5.760589839999994,GENERAL SHOPPING E OUTLETS DO BRASIL BRASIL S.A. (2024)
08764621000153,21008,GENERAL SHOPPING E OUTLETS DO BRASIL BRASIL S.A.,2025-12-31,2025,1.0404017844563254,0.9976049684315595,1.029567474939224,1.0537253728697116,0.7939762551798396,0.9066473107998337,1.0876224696079004,0.058597289985192154,-2.146338538326047,GENERAL SHOPPING E OUTLETS DO BRASIL BRASIL S.A. (2025)
09295063000197,22519,TECHNOS S.A.,2021-12-31,2021,0.8324580759958008,0.8746452087228028,0.8238289517125874,1.2853352520573817,1.0985545258495075,0.8538370402245006,1.0653025376005734,-0.022367090380097397,-2.606515704680937,TECHNOS S.A. (2021)
09295063000197,22519,TECHNOS S.A.,2022-12-31,2022,0.9289421317319677,0.9683719698047336,1.002277900580652,1.1171430207186976,0.9552489337443519,1.027363884985356,0.8223959965937179,-0.003908109638655436,-2.4267234891563234,TECHNOS S.A. (2022)
09295063000197,22519,TECHNOS S.A.,2023-12-31,2023,1.053141817834121,0.9807302154744728,0.9710420138526576,0.9747033299927114,1.0403971970826624,1.0861804428814648,0.8879758686521706,-0.029282693448915664,-2.5861068200799564,TECHNOS S.A. (2023)
09295063000197,22519,TECHNOS S.A.,2024-12-31,2024,1.0693516855916212,1.0117780064830297,0.9291207237200422,1.1692230397812746,0.8994885657780525,0.9616688811474308,1.192714034715002,0.022915525054279788,-2.248427548080587,TECHNOS S.A. (2024)
09295063000197,22519,TECHNOS S.A.,2025-12-31,2025,1.010587669120568,0.9996571082813258,1.0664271689459837,1.1952208454082143,0.9378362865663752,0.9568117326496192,0.7675501411681799,0.06270849926700604,-1.8997630940305072,TECHNOS S.A. (2025)
09813204000116,25852,W2W E-COMMERCE DE VINHOS S.A.,2021-12-31,2021,0.709287157574297,0.9861306402574447,3.858730439936907,1.6354628101354145,0.9100506075339535,0.8913395210639624,1.0668443431208947,-0.03536333499433603,-1.2119966349960434,W2W E-COMMERCE DE VINHOS S.A. (2021)
09813204000116,25852,W2W E-COMMERCE DE VINHOS S.A.,2022-12-31,2022,0.9221708288804454,0.9753636187890439,0.992295878634964,1.310003620993156,0.7131902088172001,1.0013140043160185,0.8422619668569197,-0.08688243508922865,-2.679351793488045,W2W E-COMMERCE DE VINHOS S.A. (2022)
09813204000116,25852,W2W E-COMMERCE DE VINHOS S.A.,2023-12-31,2023,0.9574490961881297,1.0433842361834427,0.964025187728169,1.0516847382853765,0.9301292946566656,1.0009500394407689,1.0504647314384816,-0.07473174911023153,-2.8390413515747794,W2W E-COMMERCE DE VINHOS S.A. (2023)
09813204000116,25852,W2W E-COMMERCE DE VINHOS S.A.,2024-12-31,2024,1.2253278220883022,0.9940626613764567,1.0318842699205049,1.0314819657882788,0.8227172932094187,1.0078679815817588,1.033485429954564,-0.09833337434388513,-2.7276625582041243,W2W E-COMMERCE DE VINHOS S.A. (2024)
09813204000116,25852,W2W E-COMMERCE DE VINHOS S.A.,2025-12-31,2025,0.9138405291159615,0.9793619694508259,1.22604069816216,0.9673054872641634,0.8680537610237116,0.9560748394704972,0.7758748843694487,0.04976958525345622,-2.2094645443052197,W2W E-COMMERCE DE VINHOS S.A. (2025)
10158356000101,27839,CPX DISTRIBUIDORA S.A.,2025-12-31,2025,0.8943366056751236,1.1245765671862669,1.0491035132661874,1.2639540960304354,1.1204398080230211,1.0321165007617878,1.1739712558906068,-0.05433643909311444,-2.55895128168714,CPX DISTRIBUIDORA S.A. (2025)
12108897000150,25046,D1000 VAREJO FARMA PARTICIPAÇÕES S.A.,2021-12-31,2021,1.1799694916081953,0.9955068846174757,1.0263337667727237,1.1364221530802738,1.0496779268084158,0.9766407316813653,0.9761626909270168,-0.06326214743668208,-2.4629510623742457,D1000 VAREJO FARMA PARTICIPAÇÕES S.A. (2021)
12108897000150,25046,D1000 VAREJO FARMA PARTICIPAÇÕES S.A.,2022-12-31,2022,1.080884353249314,1.013542385964384,0.9868172855754891,1.299418079996916,0.9575631327407417,0.8858004370615548,1.0262157623261716,-0.06204669157518622,-2.420807843562046,D1000 VAREJO FARMA PARTICIPAÇÕES S.A. (2022)
12108897000150,25046,D1000 VAREJO FARMA PARTICIPAÇÕES S.A.,2023-12-31,2023,1.0118971972073874,1.0142695477712984,0.9379771450146224,1.17918710742286,1.003660522608568,1.2742438038926303,1.0944384502551123,-0.08051564107382603,-2.78110562292626,D1000 VAREJO FARMA PARTICIPAÇÕES S.A. (2023)
12108897000150,25046,D1000 VAREJO FARMA PARTICIPAÇÕES S.A.,2024-12-31,2024,0.988991269246854,1.0322508953762655,0.8701548009359668,1.2354244846358502,1.1734887328184644,0.942669817020155,1.1047788903414875,-0.08224899615907512,-2.7048521340842395,D1000 VAREJO FARMA PARTICIPAÇÕES S.A. (2024)
12108897000150,25046,D1000 VAREJO FARMA PARTICIPAÇÕES S.A.,2025-12-31,2025,0.9905773450673697,1.0713372842732665,0.9611990167863251,1.234244866694899,1.014886580220711,0.9378539889271702,0.9947419222370727,-0.0731840583145303,-2.5860396793635108,D1000 VAREJO FARMA PARTICIPAÇÕES S.A. (2025)
12420164000157,25682,CM HOSPITALAR S.A,2021-12-31,2021,0.8581495853080483,0.819863204588935,0.9818566651614531,1.4090563759949482,0.7477877995823903,1.1343548249927686,1.0767612210733126,0.026186461442993452,-2.302754128526905,CM HOSPITALAR S.A (2021)
12420164000157,25682,CM HOSPITALAR S.A,2022-12-31,2022,1.2186110332360982,1.105015382612951,1.24839290079275,1.4064753112317103,4.411791997863303,0.913827519810295,1.1309160728895222,-0.028559491461170438,-1.5297646878989757,CM HOSPITALAR S.A (2022)
12420164000157,25682,CM HOSPITALAR S.A,2023-12-31,2023,0.9546213527414175,1.020275177828857,0.9840620833701196,1.267225829303069,0.1775158028396838,1.0473112715055204,0.8815012777554448,0.12325305180002971,-1.7663896499904705,CM HOSPITALAR S.A (2023)
12420164000157,25682,CM HOSPITALAR S.A,2024-12-31,2024,0.8095874720743109,1.3881813246677228,1.090836002279125,1.04506934877204,0.870899503733339,1.2301685530781494,1.1453847056486388,-0.1518871624296942,-3.1859765621974017,CM HOSPITALAR S.A (2024)
12420164000157,25682,CM HOSPITALAR S.A,2025-12-31,2025,0.9686788482366749,0.7811964749283588,1.0927108541496617,0.9985802923863873,0.9063952665093606,0.9020859194258559,0.9984123091996154,-0.028756451364785204,-2.71611049851174,CM HOSPITALAR S.A (2025)
13217485000111,24694,GRUPO SBF S.A.,2021-12-31,2021,0.6363997898378835,0.948140564324072,1.2438416973162332,2.123287449264873,0.824730973272753,0.8158136159689932,1.0262260338753688,0.012698537967998845,-1.679044858871291,GRUPO SBF S.A. (2021)
13217485000111,24694,GRUPO SBF S.A.,2022-12-31,2022,1.0524316294841758,0.9795885858970187,0.9258617221750329,1.2250765195005853,0.9746608159405581,1.0803863820988588,1.069433642553888,0.00785089265991889,-2.274434674614897,GRUPO SBF S.A. (2022)
13217485000111,24694,GRUPO SBF S.A.,2023-12-31,2023,0.8343314055310161,0.9904117199580922,0.9969216576528452,1.116275046891669,0.8918810376334783,0.9871262114416814,0.9954445993286396,-0.0530037505599605,-2.7917383491451138,GRUPO SBF S.A. (2023)
13217485000111,24694,GRUPO SBF S.A.,2024-12-31,2024,1.0835685634340309,0.9655224327296378,1.0078747562814914,1.0233296144574555,1.0011318356246897,1.0203447766798763,1.0016310481201318,-0.05970299242105409,-2.6805824542911645,GRUPO SBF S.A. (2024)
13217485000111,24694,GRUPO SBF S.A.,2025-12-31,2025,0.9476409441665794,1.0174729054665295,1.0614986503537727,1.081756485228576,0.971155270931972,1.0021084803266946,1.0364106903295993,-0.032946651032192444,-2.590915876090027,GRUPO SBF S.A. (2025)
16233389000155,25542,CVLB BRASIL S.A,2021-12-31,2021,0.8062120211971167,1.0728720670525644,1.5818170618597256,1.129832079419908,0.9176306826576707,1.0179147165183555,1.1014486158051493,-0.05924142904476972,-2.5918623278652984,CVLB BRASIL S.A (2021)
16233389000155,25542,CVLB BRASIL S.A EM RECUPERAÇÃO JUDICAL,2022-12-31,2022,0.7775676331369061,1.0138279555814274,1.3197543327765668,1.0747443852015621,0.929371767083168,1.0600147560655877,1.0417489140727663,-0.21834269847411905,-3.5352060408164405,CVLB BRASIL S.A EM RECUPERAÇÃO JUDICAL (2022)
16233389000155,25542,CVLB BRASIL S.A EM RECUPERAÇÃO JUDICAL,2023-12-31,2023,0.5051335164076938,1.158500446610268,1.22342607004071,2.6902650532839076,1.023363214730196,2.2224722801831365,0.9080719269601959,-0.12695068422783085,-2.025128603384539,CVLB BRASIL S.A EM RECUPERAÇÃO JUDICAL (2023)
16233389000155,25542,CVLB BRASIL S.A EM RECUPERAÇÃO JUDICAL,2024-12-31,2024,0.12483584443112125,0.9801003062850188,1.1297478922304027,1.0697432860648535,1.003762802761995,1.0467284916545874,1.0745547571995415,-0.07421809086391089,-3.5602793327773954,CVLB BRASIL S.A EM RECUPERAÇÃO JUDICAL (2024)
16233389000155,25542,CVLB BRASIL S.A EM RECUPERAÇÃO JUDICAL,2025-12-31,2025,2.9193367774392414,1.0405310240394996,0.8173608857385781,0.9356286915598201,0.8851771327650763,1.1722999732976038,1.3237575672719728,-0.34751040271588485,-2.598725317298061,CVLB BRASIL S.A EM RECUPERAÇÃO JUDICAL (2025)
16922038000151,25259,ENJOEI S.A.,2022-12-31,2022,0.9920800422108449,0.7466372293029198,1.6765189000820149,1.3086583757301677,0.7193375982519067,0.6819161760688264,1.1942897753494295,-0.07636708954808032,-2.4708451243292373,ENJOEI S.A. (2022)
16922038000151,25259,ENJOEI S.A.,2023-12-31,2023,0.6985112463857498,0.7038142882283546,1.7341492033970687,1.4006738612393,0.8860855598812263,0.847596237523754,1.4810180843281697,-0.10391607849596234,-2.890161305068331,ENJOEI S.A. (2023)
16922038000151,25259,ENJOEI S.A.,2024-12-31,2024,0.8586148116732449,0.8889694456882633,1.4524251143989784,1.3632186271234354,1.2574079275589354,0.8127198692006374,1.0922708713606188,-0.06835807036908952,-2.4501336363510444,ENJOEI S.A. (2024)
16922038000151,25259,ENJOEI S.A.,2025-12-31,2025,3.5451754254463563,1.0052417181268847,0.599065712488867,0.9952605562907915,0.8916334325663046,0.9499170894458542,1.8372550215283103,-0.08778930391275783,-0.9902724570485819,ENJOEI S.A. (2025)
17359233000188,26760,TECIDOS E ARMARINHOS MIGUEL BARTOLOMEU S.A.,2023-12-31,2023,0.9889584608566745,1.077062655857911,0.9396332378524367,1.0582174308814434,1.2105327761574338,1.038515475183146,1.0533566963261616,0.010923729072001464,-2.3706762611244065,TECIDOS E ARMARINHOS MIGUEL BARTOLOMEU S.A. (2023)
17359233000188,26760,TECIDOS E ARMARINHOS MIGUEL BARTOLOMEU S.A.,2024-12-31,2024,0.8608670540762409,1.001349237590061,1.1168213100699675,1.060439473301924,1.006965255367111,1.1210413124009426,1.3012635398686796,-0.0029726853931353325,-2.6386225672060055,TECIDOS E ARMARINHOS MIGUEL BARTOLOMEU S.A. (2024)
17359233000188,26760,TECIDOS E ARMARINHOS MIGUEL BARTOLOMEU S.A.,2025-12-31,2025,1.0322967099088258,0.936011323387167,0.995911563702772,1.0896943143843387,0.7173391434099,1.09306250369673,1.4772947067805526,0.04458042964053267,-2.401713735941593,TECIDOS E ARMARINHOS MIGUEL BARTOLOMEU S.A. (2025)
18328118000109,25089,PET CENTER COMÉRCIO E PARTICIPAÇÕES S.A.,2022-12-31,2022,0.9357980491147555,1.0134646918708299,1.1250438710435224,1.3513703054790764,0.8957068056342564,1.0561366637903749,0.9056644560706097,-0.04173145507055001,-2.354079380051905,PET CENTER COMÉRCIO E PARTICIPAÇÕES S.A. (2022)
18328118000109,25089,PET CENTER COMÉRCIO E PARTICIPAÇÕES S.A.,2023-12-31,2023,0.9911420071716744,1.0203594894104013,1.0124459546451838,1.1194934050864815,0.8376840831292819,1.0130653560015614,1.3712006151393763,-0.10330501668038658,-2.991443605850077,PET CENTER COMÉRCIO E PARTICIPAÇÕES S.A. (2023)
18328118000109,25089,PET CENTER COMÉRCIO E PARTICIPAÇÕES S.A.,2024-12-31,2024,1.0137496271782078,0.9950227282469406,1.0022227011286693,1.047070802375237,0.9154317269648987,1.0104447274190194,1.0977099694402805,-0.12920094910509905,-3.0750974608918082,PET CENTER COMÉRCIO E PARTICIPAÇÕES S.A. (2024)
18328118000109,25089,PET CENTER COMÉRCIO E PARTICIPAÇÕES S.A.,2025-12-31,2025,0.9159433227420698,0.9984859080652595,0.9747533747122659,1.079459870077963,0.8837398879671023,0.9940225392305645,1.110475526234121,-0.139306526228642,-3.1977355390593543,PET CENTER COMÉRCIO E PARTICIPAÇÕES S.A. (2025)
18483666000103,25933,HUMBERG AGRIBRASIL COMÉRCIO E EXPORTAÇÃO DE GRÃOS S.A.,2021-12-31,2021,70.79102357782388,2.3381494943100884,1.2226059842492116,1.5963696562611918,2.096716180741584,0.6470804868353013,1.0913423441822596,0.25615392114766716,64.41167894316732,HUMBERG AGRIBRASIL COMÉRCIO E EXPORTAÇÃO DE GRÃOS S.A. (2021)
18483666000103,25933,HUMBERG AGRIBRASIL COMÉRCIO E EXPORTAÇÃO DE GRÃOS S.A.,2022-12-31,2022,0.4210174152946219,-2.250602873507067,7.850473445741694,1.8285615783259017,0.41458567346021824,5.312218382910447,0.8144207894847889,0.07268938718427648,-1.6305402601332981,HUMBERG AGRIBRASIL COMÉRCIO E EXPORTAÇÃO DE GRÃOS S.A. (2022)
18483666000103,25933,HUMBERG AGRIBRASIL COMÉRCIO E EXPORTAÇÃO DE GRÃOS S.A.,2023-12-31,2023,1.2700416382196986,-0.2225323884496918,1.2901679820286176,0.5239798699443566,1.4033381234423334,0.4722310004844113,0.8702022766723202,-0.19529251893339494,-3.918610573658041,HUMBERG AGRIBRASIL COMÉRCIO E EXPORTAÇÃO DE GRÃOS S.A. (2023)
18483666000103,25933,HUMBERG AGRIBRASIL COMÉRCIO E EXPORTAÇÃO DE GRÃOS S.A.,2024-12-31,2024,0.8804260430979622,0.5656945564505144,0.8287389584778532,1.0474361657697333,0.4042410432311948,0.3922235658539081,1.0891892318569154,-0.16150490176137983,-3.5950187629663413,HUMBERG AGRIBRASIL COMÉRCIO E EXPORTAÇÃO DE GRÃOS S.A. (2024)
20247322000147,25330,ALLIED TECNOLOGIA S.A.,2021-12-31,2021,0.8291232714591048,1.110557933457333,0.9972528449657049,1.2151696600869089,0.944156830879401,0.9074170399485999,0.9225616620870558,0.03621403756534058,-2.183740392282751,ALLIED TECNOLOGIA S.A. (2021)
20247322000147,25330,ALLIED TECNOLOGIA S.A.,2022-12-31,2022,1.1390522245926857,0.93431773506385,1.1839907787132278,0.8935700117085673,0.843766740812949,1.2350049352433292,0.8942712988420538,-0.5487711553928717,-4.998870088689792,ALLIED TECNOLOGIA S.A. (2022)
20247322000147,25330,ALLIED TECNOLOGIA S.A.,2023-12-31,2023,0.5847661094269975,1.3005331787071956,1.099873622628963,1.1418028578053547,0.9355030828520882,0.7565247844081076,0.8952597533671177,-0.5854937538117488,-5.207311190091709,ALLIED TECNOLOGIA S.A. (2023)
20247322000147,25330,ALLIED TECNOLOGIA S.A.,2024-12-31,2024,1.0436675974113363,0.9728901606700744,0.9203968993532412,0.9430335026213019,0.9886906128391433,1.11706551578125,1.0535804640951454,-0.3314565465187879,-4.126955415029255,ALLIED TECNOLOGIA S.A. (2024)
20247322000147,25330,ALLIED TECNOLOGIA S.A.,2025-12-31,2025,1.069770546719052,1.0396406543595669,1.046585532352016,0.996964346419854,0.9189888370011154,0.9457062473392283,0.9939475638082872,-0.5480956924734406,-4.941306436175654,ALLIED TECNOLOGIA S.A. (2025)
20258278000170,23507,OUROFINO S.A.,2021-12-31,2021,0.9449979976838858,1.0366660288414793,0.9374469099219986,1.239530316062829,1.073079766546812,0.9514644856492996,0.936826859566402,0.05656093231587323,-2.020794084517032,OUROFINO S.A. (2021)
20258278000170,23507,OUROFINO S.A.,2022-12-31,2022,1.0667030763639893,0.9741573899582076,0.959238461169556,1.1504059156389401,0.9477341536074657,1.0144865219226586,0.9519485911569301,0.030499701077975946,-2.164664994855066,OUROFINO S.A. (2022)
20258278000170,23507,OUROFINO S.A.,2023-12-31,2023,0.9644723511290341,1.1082202517547715,0.7637352595916094,0.9060365553204426,0.8722325018735104,1.041214870629871,1.0206837237357431,-0.1878618524185522,-3.542362896974802,OUROFINO S.A. (2023)
20258278000170,23507,OUROFINO S.A.,2024-12-31,2024,1.2398148767325097,0.9060336006535176,1.2300152762710033,1.0864122143878654,0.9751513458811772,0.9377078201912149,0.9692837182335784,0.043614312352224946,-1.9170064540764455,OUROFINO S.A. (2024)
20258278000170,23507,OUROFINO S.A.,2025-12-31,2025,1.0161935016615944,0.9775697045615782,1.1331957972546316,1.1953567162897447,0.9998998623528214,0.9514539973874867,1.0805272763931804,0.07816788881494831,-1.9011223524369965,OUROFINO S.A. (2025)
21240146000184,25658,AGROGALAXY PARTICIPAÇÕES S.A. - EM RECUPERAÇÃO JUDICIAL,2021-12-31,2021,0.6027952101594626,0.9105671423106019,0.8154177042497224,2.501272564453033,0.618606839830126,0.9582310132591144,1.0304658322791358,0.012809173848803895,-1.6147892259211307,AGROGALAXY PARTICIPAÇÕES S.A. - EM RECUPERAÇÃO JUDICIAL (2021)
21240146000184,25658,AGROGALAXY PARTICIPAÇÕES S.A. - EM RECUPERAÇÃO JUDICIAL,2022-12-31,2022,1.0020072944719653,1.0946572823964402,0.8470223478769012,1.7616141827408915,1.0310082834588128,0.8923989303821805,1.0024012151364352,0.01746159348480444,-1.707626429295514,AGROGALAXY PARTICIPAÇÕES S.A. - EM RECUPERAÇÃO JUDICIAL (2022)
21240146000184,25658,AGROGALAXY PARTICIPAÇÕES S.A. - EM RECUPERAÇÃO JUDICIAL,2023-12-31,2023,0.8806453710819144,1.2156173778165822,1.6221724413751704,0.8107904155355484,0.9874282758515688,1.0403268372294578,1.050820962985539,-0.05843648755719459,-2.6918023106011257,AGROGALAXY PARTICIPAÇÕES S.A. - EM RECUPERAÇÃO JUDICIAL (2023)
21240146000184,25658,AGROGALAXY PARTICIPAÇÕES S.A. - EM RECUPERAÇÃO JUDICIAL,2024-12-31,2024,0.6051739570790208,-7.702094235049379,1.8072845181004036,0.4907245335083289,0.8317296944721446,4.264104355756691,1.785387145917292,-0.7700961948311527,-12.006955213047153,AGROGALAXY PARTICIPAÇÕES S.A. - EM RECUPERAÇÃO JUDICIAL (2024)
31553627000101,25461,GRUPO TOKY S.A.,2021-12-31,2021,4.37086203033766,1.0065186374581616,0.8549846433573293,1.196128369023636,1.6710909358206831,1.17993097424363,0.33567644054727575,0.2550280819867893,2.197732739180703,GRUPO TOKY S.A. (2021)
31553627000101,25461,GRUPO TOKY S.A. - EM RECUPERAÇÃO JUDICIAL,2022-12-31,2022,0.7817078541070609,0.9973538425052436,1.7675148362287254,0.8830980702559361,0.6836797246313466,1.0881723338379479,1.044560121145444,-0.11353392577565107,-3.0737653442803894,GRUPO TOKY S.A. - EM RECUPERAÇÃO JUDICIAL (2022)
31553627000101,25461,GRUPO TOKY S.A. - EM RECUPERAÇÃO JUDICIAL,2023-12-31,2023,1.1233606577823299,0.919456657127169,1.303400125427985,0.850696717258527,0.910107053187153,1.0755725110783794,0.6772648242631961,-0.003119695141187487,-2.352038769298239,GRUPO TOKY S.A. - EM RECUPERAÇÃO JUDICIAL (2023)
31553627000101,25461,GRUPO TOKY S.A. - EM RECUPERAÇÃO JUDICIAL,2024-12-31,2024,0.9053296046707316,0.9400177105454132,1.9184065162436572,1.4968280855586555,1.6566234518412224,0.9158285195869992,1.9334720584605105,-0.05567437903244866,-2.260317118670828,GRUPO TOKY S.A. - EM RECUPERAÇÃO JUDICIAL (2024)
31553627000101,25461,GRUPO TOKY S.A. - EM RECUPERAÇÃO JUDICIAL,2025-12-31,2025,0.4318115269942667,0.8792474860043377,1.1889546198474379,1.7813539744353097,0.4837180855422309,0.9739158698390474,1.3184207582518497,-0.14546538937093986,-3.132827405530265,GRUPO TOKY S.A. - EM RECUPERAÇÃO JUDICIAL (2025)
33041260065290,6505,GRUPO CASAS BAHIA S.A.,2021-12-31,2021,0.8162173037868664,1.0850658062381129,1.1904991637392073,1.0691325559669216,1.0217607635387014,1.130458288776256,1.0208273961475007,-0.040039615166949635,-2.679629688518181,GRUPO CASAS BAHIA S.A. (2021)
33041260065290,6505,GRUPO CASAS BAHIA S.A.,2022-12-31,2022,0.9558280353965034,0.9725441236257616,1.1644244927887994,0.9999676364930904,0.8378149782724356,0.911471313485,0.9907661861007429,-0.09616573902288188,-2.9191006624834,GRUPO CASAS BAHIA S.A. (2022)
33041260065290,6505,GRUPO CASAS BAHIA S.A.,2023-12-31,2023,0.5827299622359928,1.1115355267380438,1.1685457885070571,0.9336202990484821,0.8962320658885703,1.012613100394023,1.0257338281326036,-0.2078072259032379,-3.7909636088083007,GRUPO CASAS BAHIA S.A. (2023)
33041260065290,6505,GRUPO CASAS BAHIA S.A.,2024-12-31,2024,1.3641097924903607,0.9068617167365844,1.03657095167893,0.9431136686657191,0.9816531479335652,1.0028286710038063,1.0561716362579627,-0.34489067248959837,-3.864871948579321,GRUPO CASAS BAHIA S.A. (2024)
33041260065290,6505,GRUPO CASAS BAHIA S.A.,2025-12-31,2025,1.0214360476839666,1.0090974126746535,0.9918193480744811,1.0731823862383298,0.9689256699444951,0.925113437865277,0.9655485740758695,-0.538587311968607,-4.892979172784985,GRUPO CASAS BAHIA S.A. (2025)
33453598000123,25917,RAÍZEN S.A.,2021-03-31,2021,1.5432824358280384,0.9897546398083075,1.0378060319143123,0.8858158730103378,0.8674135286205509,1.1102487027675756,0.9883716207364708,-0.05392761687928827,-2.3549033740444902,RAÍZEN S.A. (2021)
33453598000123,25917,RAÍZEN S.A.,2022-03-31,2022,1.2020677113262785,0.791969162386728,0.6484017737026778,2.139117695402301,0.7480842189063592,0.993549061895499,1.0637860912050405,-0.10627800805593986,-2.075884291954482,RAÍZEN S.A. (2022)
33453598000123,25917,RAÍZEN S.A.,2023-03-31,2023,1.04514642097787,0.9848426344736594,1.1846142799933301,1.2852614207295394,0.8599675031733115,1.012056583888125,1.0095431479331642,-0.09460161002101783,-2.5813700375165265,RAÍZEN S.A. (2023)
33453598000123,25917,RAÍZEN S.A.,2024-03-31,2024,1.3006795732657646,0.8707677245229237,0.9322752066262504,0.8967686359847927,1.0683402869596177,1.287441404051174,0.9992410329326934,-0.1623239250102061,-3.191898878660143,RAÍZEN S.A. (2024)
33453598000123,25917,RAÍZEN S.A.,2025-03-31,2025,0.7045502517815856,1.5381424053471646,0.9896425121430611,1.1579203700410587,1.093233230105288,0.9020355716944768,1.0936404621971574,-0.07370795556001199,-2.6789222854283254,RAÍZEN S.A. (2025)
34274233000102,24295,VIBRA ENERGIA S/A,2021-12-31,2021,0.8755078982056457,1.0386593173805923,0.9483370130747216,1.596557097458927,0.9687155339375213,0.751207218552481,1.239413899525278,0.006522252390508795,-2.071439611256089,VIBRA ENERGIA S/A (2021)
34274233000102,24295,VIBRA ENERGIA S/A,2022-12-31,2022,0.8896459810167157,1.275645916796145,1.0496093166810705,1.3944405591718478,1.0351511777287117,0.7354043887072507,1.0540833143271922,0.006665045001216249,-2.001048178318962,VIBRA ENERGIA S/A (2022)
34274233000102,24295,VIBRA ENERGIA S/A,2023-12-31,2023,0.9856431265090875,0.8043861378668637,1.0252509468518145,0.8980468018032913,0.9996595509443248,1.1780800425638531,0.9016337265639823,-0.03406085416618753,-2.8351071972736652,VIBRA ENERGIA S/A (2023)
34274233000102,24295,VIBRA ENERGIA S/A,2024-12-31,2024,0.7636343124184352,1.0726218408624981,1.1102387714058397,1.0572271965731188,1.0039957378795952,0.9773377993968306,0.9797430111122806,0.04528571428571428,-2.3406556767394187,VIBRA ENERGIA S/A (2024)
34274233000102,24295,VIBRA ENERGIA S/A,2025-12-31,2025,1.2578862073022306,0.981211486729811,1.1295462083939174,1.0975376149345222,1.1276694957781945,1.1490203674416288,1.0219127366091159,-0.07688269934222397,-2.491173929854785,VIBRA ENERGIA S/A (2025)
38456921000136,25747,INFRACOMMERCE CXAAS S.A.,2021-12-31,2021,2.141586560444158,1.0256323289882747,1.8763200848449666,1.7910169412502701,0.948678036808761,1.1886419066214888,0.6034957467052446,0.017135378908419874,-0.18510117377896465,INFRACOMMERCE CXAAS S.A. (2021)
38456921000136,25747,INFRACOMMERCE CXAAS S.A.,2022-12-31,2022,0.5343344834508028,1.1413234773364866,0.9979684675022663,2.1092886217341915,0.572402497672834,0.9052788571360959,0.9314872079670703,-0.132673351233899,-2.47638537135746,INFRACOMMERCE CXAAS S.A. (2022)
38456921000136,25747,INFRACOMMERCE CXAAS S.A.,2023-12-31,2023,0.9553419464372525,1.0014774148796963,1.0029066260021249,1.2032848611187466,0.7905603137044818,0.8529814986582283,1.0446270587708657,-0.1674562308096418,-3.1347200950680545,INFRACOMMERCE CXAAS S.A. (2023)
38456921000136,25747,INFRACOMMERCE CXAAS S.A.,2024-12-31,2024,0.9138255447718229,1.4631686116677562,0.7024939079334928,0.9933155491571475,0.9556658807573497,3.878934217884228,1.971220224627127,-1.0601367460090487,-8.219126420414444,INFRACOMMERCE CXAAS S.A. (2024)
38456921000136,25747,INFRACOMMERCE CXAAS S.A.,2025-12-31,2025,1.0950329742410227,1.240796660243098,1.0030005033946348,0.6664241730184358,1.1357150861048877,0.21815189232149237,0.7211301908574358,-0.28401148801930964,-3.649380676815992,INFRACOMMERCE CXAAS S.A. (2025)
39346861035038,26530,CENCOSUD BRASIL COMERCIAL S.A.,2021-12-31,2021,0.5388543082966517,1.0702087122777704,1.0364395528495771,0.9690716966197372,1.2147312707564,0.9326915029502785,1.081005910820389,-0.07245282193812103,-3.2092748326055798,CENCOSUD BRASIL COMERCIAL S.A. (2021)
39346861035038,26530,CENCOSUD BRASIL COMERCIAL S.A.,2022-12-31,2022,1.7630887721928665,1.0061418164876077,1.022448383793118,1.1288160868676322,0.9381182705732496,1.0076417813710852,1.249057152716657,-0.2891479454589531,-3.09353806495945,CENCOSUD BRASIL COMERCIAL S.A. (2022)
39346861035038,26530,CENCOSUD BRASIL COMERCIAL S.A.,2023-12-31,2023,0.7962997376733729,1.0480989769869753,0.9265670061027937,1.0851549405222252,1.0104288477088086,0.9746950254383678,1.163219076489407,-0.14703262224838137,-3.331503208481119,CENCOSUD BRASIL COMERCIAL S.A. (2023)
43948405000169,26506,LUPO S.A.,2021-12-31,2021,0.6622288790557523,0.6436221651237336,1.1183722545829393,1.8140865076004862,1.3354653278980755,0.8252036237264694,1.0639829007126143,0.14070041507966585,-1.4988710494001767,LUPO S.A. (2021)
43948405000169,26506,LUPO S.A.,2022-12-31,2022,0.9183447586385022,1.1576758070266253,0.881294481019083,1.129729509973981,0.8319001372651659,1.048613545781037,1.233257890331192,0.044954360090069215,-2.2977351960797288,LUPO S.A. (2022)
43948405000169,26506,LUPO S.A.,2023-12-31,2023,0.8694256445640061,1.1408938937999955,0.9323117061058149,0.9772806333593235,0.8828278488703921,1.0284326956188234,0.9243070663031748,-0.08872109942160146,-2.9820878327526037,LUPO S.A. (2023)
43948405000169,26506,LUPO S.A.,2024-12-31,2024,1.282016613942969,0.9348849580444797,0.8777534074295733,1.0545681558127704,0.9509494185988824,1.0452673290863321,0.9672631519041887,0.02858857387501612,-2.1245941967138915,LUPO S.A. (2024)
43948405000169,26506,LUPO S.A.,2025-12-31,2025,0.9629812529726813,1.037534183947251,0.7646401188144633,1.0280756365498631,0.93710298914906,1.059234000898348,0.8735795875276354,0.008166249236956444,-2.5021531716816545,LUPO S.A. (2025)
45453214000151,20346,PROFARMA DISTRIB PROD FARMACEUTICOS S.A.,2021-12-31,2021,0.9326182558807827,0.9843610838906773,0.9827591519892633,1.1700054785863532,1.0559554216914422,1.0073693662672514,1.0175781460201723,-0.0070577109142962845,-2.4391727086127526,PROFARMA DISTRIB PROD FARMACEUTICOS S.A. (2021)
45453214000151,20346,PROFARMA DISTRIB PROD FARMACEUTICOS S.A.,2022-12-31,2022,1.02979763532258,0.9656108930799838,0.8700293485612656,1.2187705386968344,0.9111761728935026,0.9559641534832092,1.0657879806125932,-0.009457648032627304,-2.396514025942008,PROFARMA DISTRIB PROD FARMACEUTICOS S.A. (2022)
45453214000151,20346,PROFARMA DISTRIB PROD FARMACEUTICOS S.A.,2023-12-31,2023,1.0265735524869366,0.9825552678399598,0.8693198366178266,1.1081758466818608,0.9867532245349784,1.2126885973583903,1.0726532879315984,-0.03706839673174527,-2.656371552444287,PROFARMA DISTRIB PROD FARMACEUTICOS S.A. (2023)
45453214000151,20346,PROFARMA DISTRIB PROD FARMACEUTICOS S.A.,2024-12-31,2024,1.001538835047225,0.994521274905761,0.9393312787533099,1.172237715637867,1.080495669258642,0.9987011721629648,1.0306098475058538,-0.06664158463369964,-2.6646961539237775,PROFARMA DISTRIB PROD FARMACEUTICOS S.A. (2024)
45453214000151,20346,PROFARMA DISTRIB PROD FARMACEUTICOS S.A.,2025-12-31,2025,0.9899532443891788,0.9810975211647499,0.8949189249054984,1.1277276101348257,1.0283927242491622,0.9908547486748267,1.0301678364123692,-0.0535271543202698,-2.6832235411396854,PROFARMA DISTRIB PROD FARMACEUTICOS S.A. (2025)
47508411000156,14826,CIA BRASILEIRA DE DISTRIBUICAO,2021-12-31,2021,1.0696160993741035,1.062486006469383,1.0410569263605955,1.0007414200144382,0.8101879717269496,1.000328656338862,1.0271302387570884,-0.03575834799668305,-2.5637820427491644,CIA BRASILEIRA DE DISTRIBUICAO (2021)
47508411000156,14826,CIA BRASILEIRA DE DISTRIBUICAO,2022-12-31,2022,1.8319976906645112,1.016555647998978,0.6248365106137506,0.33770057125031683,0.8796157707946144,1.0438454860487945,1.05665256665792,0.004835876730764844,-2.465441814634854,CIA BRASILEIRA DE DISTRIBUICAO (2022)
47508411000156,14826,CIA BRASILEIRA DE DISTRIBUICAO,2023-12-31,2023,0.7407772055530676,0.9925480303848048,1.8736246988126688,1.1113677039431904,0.8871500811397925,1.0037718350802973,0.9257107653535119,-0.12231292517006803,-2.831771334054439,CIA BRASILEIRA DE DISTRIBUICAO (2023)
47508411000156,14826,CIA BRASILEIRA DE DISTRIBUICAO,2024-12-31,2024,0.8135059400910402,0.9091052721447155,1.0474671513484684,0.9761038961038961,0.9248736777075087,1.02726653684393,1.0154672636731843,-0.19113840531898696,-3.61442931206384,CIA BRASILEIRA DE DISTRIBUICAO (2024)
47508411000156,14826,CIA BRASILEIRA DE DISTRIBUICAO,2025-12-31,2025,0.7670344619018297,0.998653502747669,0.9240191222872652,1.0171899946780203,1.0066637708927115,0.9820342379770591,1.0619158352819127,-0.11760555736459351,-3.2770684812682096,CIA BRASILEIRA DE DISTRIBUICAO (2025)
47960950000121,22470,MAGAZINE LUIZA S.A.,2021-12-31,2021,0.9814385677474259,1.071358717006731,1.3346086071912675,1.2091035189122379,1.1887323393166265,1.0042831725526544,1.0343048524704355,0.12909174342137486,-1.5239268048646892,MAGAZINE LUIZA S.A. (2021)
47960950000121,22470,MAGAZINE LUIZA S.A.,2022-12-31,2022,1.1315294119565602,0.859569628308582,1.228318066357573,1.0572833892933728,0.7608266086573835,1.066808594176861,1.0246167008826212,-0.09434707471790979,-2.7782985371914233,MAGAZINE LUIZA S.A. (2022)
47960950000121,22470,MAGAZINE LUIZA S.A.,2023-12-31,2023,0.8831634300219914,1.0124404053940324,1.1726299245396536,0.9857676352841827,0.9076602393484637,1.0478001421535814,1.0078929713148068,-0.11570466553964515,-3.086677718749492,MAGAZINE LUIZA S.A. (2023)
47960950000121,22470,MAGAZINE LUIZA S.A.,2024-12-31,2024,0.9580869588437415,0.9043345140807991,1.057291069449279,1.0345385621669452,0.9285860893902189,0.9927098956015667,0.9155495126665625,-0.4123786598887678,-4.423980526943776,MAGAZINE LUIZA S.A. (2024)
47960950000121,22470,MAGAZINE LUIZA S.A.,2025-12-31,2025,0.944979174230677,1.0238932566894683,1.0048116542071863,1.017490872564821,1.0372126641376158,1.0042209480617477,1.0454698533165532,-0.4092402031085413,-4.426607852618387,MAGAZINE LUIZA S.A. (2025)
51218147000193,20494,IGUATEMI EMPRESA DE SHOPPING CENTERS S.A,2021-12-31,2021,1.024579682095481,1.0413423088998992,0.9515520176781912,1.2680098168081755,1.0800002356716432,1.022763135734026,0.9242337117996416,0.013939145497247616,-2.1207845758590036,IGUATEMI EMPRESA DE SHOPPING CENTERS S.A (2021)
51218147000193,20494,IGUATEMI EMPRESA DE SHOPPING CENTERS S.A,2022-12-31,2022,0.8388606762139196,0.9813411472544917,1.105104240682532,1.1628461063437605,0.9868751354477786,1.0390575465541285,1.0444265633997458,-0.03878470042864932,-2.6546075690066275,IGUATEMI EMPRESA DE SHOPPING CENTERS S.A (2022)
51218147000193,20494,IGUATEMI EMPRESA DE SHOPPING CENTERS S.A,2023-12-31,2023,0.8245396140107857,0.90791617651852,0.9743890950689944,1.043245055649976,0.9959836237534524,0.8930014820601399,0.7749633031849681,-0.015727380569344293,-2.6438755818687896,IGUATEMI EMPRESA DE SHOPPING CENTERS S.A (2023)
51218147000193,20494,IGUATEMI EMPRESA DE SHOPPING CENTERS S.A,2024-12-31,2024,1.4433529626023547,0.9902165276809729,0.964607795401577,1.0246926766838431,0.9418971984104942,1.1147102863187988,1.0024117441167315,-0.008640469443290704,-2.1371829191270098,IGUATEMI EMPRESA DE SHOPPING CENTERS S.A (2024)
51218147000193,20494,IGUATEMI EMPRESA DE SHOPPING CENTERS S.A,2025-12-31,2025,1.2055161005329078,0.9013567503567281,1.0111790736687223,1.1160069341406886,1.2719945774976438,1.0012394370351732,1.1099325255544021,0.032017364532617026,-2.0900867862717094,IGUATEMI EMPRESA DE SHOPPING CENTERS S.A (2025)
53153938000108,27766,UNIÃO PET PARTICIPAÇÕES S.A.,2024-12-31,2024,0.9332699043442304,1.0176424735880967,0.766535360518552,1.0600504795714154,0.9040828420007316,1.0404008970214382,1.0062831162757786,-0.10612469520317208,-3.0894226038570203,UNIÃO PET PARTICIPAÇÕES S.A. (2024)
53153938000108,27766,UNIÃO PET PARTICIPAÇÕES S.A.,2025-12-31,2025,0.9873119293420461,0.9507489521758427,0.8985642569001833,1.10075944318457,0.9256179125411483,0.942905834016241,1.0501251244024865,-0.1554405495904473,-3.21121118587004,UNIÃO PET PARTICIPAÇÕES S.A. (2025)
60500139000126,10472,SARAIVA LIVREIROS S.A. - EM RECUPERAÇÃO JUDICIAL,2021-12-31,2021,1.0359887532824958,0.7767892946818429,1.4984895799336797,0.36083629351466556,1.3962974135774955,1.2856914081217563,1.1807151746663336,0.2683302588635949,-1.7406311358084625,SARAIVA LIVREIROS S.A. - EM RECUPERAÇÃO JUDICIAL (2021)
60500139000126,10472,SARAIVA LIVREIROS S.A. - EM RECUPERAÇÃO JUDICIAL,2022-12-31,2022,1.3448052709916298,0.9222167935278986,0.905765749885995,0.9741120349223136,0.7799366611123134,1.397215381873398,1.113200157060183,0.904304752699764,1.8355857712688826,SARAIVA LIVREIROS S.A. - EM RECUPERAÇÃO JUDICIAL (2022)
61189288000189,22055,MARISA LOJAS S.A.,2021-12-31,2021,1.0340455231864223,0.7977740316254504,1.041997547728891,1.1804374743212753,0.9744273687586,0.9581799148867512,1.0006267282260335,-0.022263184724167696,-2.4776583730007804,MARISA LOJAS S.A. (2021)
61189288000189,22055,MARISA LOJAS S.A.,2022-12-31,2022,0.658353298162896,1.2118670464605388,1.0407471924626073,1.0888844276342258,0.9372816247783937,0.9708465027907459,1.1413054081838578,-0.3270105302755083,-4.165189741220066,MARISA LOJAS S.A. (2022)
61189288000189,22055,MARISA LOJAS S.A.,2023-12-31,2023,0.18279757874736888,0.7847849382917926,1.2450005429688038,0.5985979233585256,1.0074661805202096,1.4491804412950846,1.1448796154451537,-0.3497976480637094,-5.365009467822745,MARISA LOJAS S.A. (2023)
61189288000189,22055,MARISA LOJAS S.A.,2024-12-31,2024,0.5217370756474572,1.0015226259771302,1.150473233841756,0.8457393458587191,1.0074793166689688,0.9144837215443924,0.7963670415233625,-0.12343653013404696,-3.491409886674417,MARISA LOJAS S.A. (2024)
61189288000189,22055,MARISA LOJAS S.A.,2025-12-31,2025,1.8459980755355467,0.9271737502610665,1.0547498624796252,1.0654058523067242,0.937449162530578,0.9187274968286963,1.0230773919068814,-0.024235552770232392,-1.773831999999074,MARISA LOJAS S.A. (2025)
61585865000151,5258,RAIA DROGASIL S.A.,2021-12-31,2021,0.9161568539988395,0.9829212933391954,0.904386306508862,1.2023319067675828,0.9541535155437668,0.9907021620830363,1.0723898893561399,-0.053224031718439965,-2.7006809785924957,RAIA DROGASIL S.A. (2021)
61585865000151,5258,RAIA DROGASIL S.A.,2022-12-31,2022,1.063030720552487,0.9855013611153809,1.0123082448581397,1.2047655154171248,0.9337009862255581,0.9961533530438457,1.0765227014077177,-0.038828927456979814,-2.4557098859871616,RAIA DROGASIL S.A. (2022)
61585865000151,5258,RAIA DROGASIL S.A.,2023-12-31,2023,1.1684807222877345,1.0087282644578313,1.091463214497768,1.168794366743752,0.9560734790743648,0.9934491302211272,1.0672443213927205,-0.03474518189434953,-2.321359897552588,RAIA DROGASIL S.A. (2023)
61585865000151,5258,RAIA DROGASIL S.A.,2024-12-31,2024,0.7875396147394917,1.0105650315505874,1.0098190109232152,1.1441620731746442,1.0159347701991968,0.9812836360873904,1.0131652467205015,-0.070380218948449,-2.8658881350677166,RAIA DROGASIL S.A. (2024)
61585865000151,5258,RAIA DROGASIL S.A.,2025-12-31,2025,1.152422990416229,1.0147387619573252,0.910005605895514,1.1383770617471578,0.9933236245296936,0.9826634658568733,1.0069790641350966,-0.0449101973641737,-2.455117045388962,RAIA DROGASIL S.A. (2025)
79430682000122,25429,FARMÁCIA E DROGARIA NISSEI S.A.,2021-12-31,2021,1.0516260930480519,0.9956113798837362,0.39053178337325184,1.1530365105312521,0.9868818838211267,0.9779548010871391,0.9885525782254606,-0.07101959361728248,-2.8708119587030576,FARMÁCIA E DROGARIA NISSEI S.A. (2021)
79430682000122,25429,FARMÁCIA E DROGARIA NISSEI S.A.,2022-12-31,2022,1.1945490399387386,1.012431770176019,1.2204030164730673,1.1865510192890192,0.9934957280842024,0.9499157560262286,1.0024201103421502,-0.036053910906074405,-2.2006257072607314,FARMÁCIA E DROGARIA NISSEI S.A. (2022)
79430682000122,25429,FARMÁCIA E DROGARIA NISSEI S.A.,2023-12-31,2023,1.0022814643519176,1.0153489894659133,1.7750478165547614,1.1554070188141337,1.1217083462183728,0.9483749364714814,0.9099046035593895,0.021800758730160633,-1.863711492211383,FARMÁCIA E DROGARIA NISSEI S.A. (2023)
79430682000122,25429,FARMÁCIA E DROGARIA NISSEI S.A.,2024-12-31,2024,0.8118251868797961,1.0578342821933322,0.9273661519081929,1.1810132251187846,1.5145135192730208,1.0226879804095184,0.94521311847935,-0.061667381900178814,-2.7058242524633656,FARMÁCIA E DROGARIA NISSEI S.A. (2024)
79430682000122,25429,FARMÁCIA E DROGARIA NISSEI S.A.,2025-12-31,2025,0.7487450309593195,0.9747573134749192,0.8165785799789438,1.1569286410882795,0.7729186542673637,1.0178226224837281,1.0518498106051992,-0.04875307098573202,-2.932854968877024,FARMÁCIA E DROGARIA NISSEI S.A. (2025)
82901000000127,25453,INTELBRAS S.A. IND. DE TELECOMUNICAÇÃO ELETRÔNICA BRASILEIRA,2021-12-31,2021,0.8255354577113303,1.1148317594790986,1.0658281479819027,1.446404944583335,0.8649911819046234,0.9248102761360326,0.7584730569281172,0.11407656682216866,-1.5449382425785214,INTELBRAS S.A. IND. DE TELECOMUNICAÇÃO ELETRÔNICA BRASILEIRA (2021)
82901000000127,25453,INTELBRAS S.A. IND. DE TELECOMUNICAÇÃO ELETRÔNICA BRASILEIRA,2022-12-31,2022,0.9296219161887825,1.0375528597915602,2.088174629143618,1.3710356922128084,0.8189493346797041,0.9962306802210368,1.171639943883715,-0.029427864157989102,-1.9683252810635874,INTELBRAS S.A. IND. DE TELECOMUNICAÇÃO ELETRÔNICA BRASILEIRA (2022)
82901000000127,25453,INTELBRAS S.A. IND. DE TELECOMUNICAÇÃO ELETRÔNICA BRASILEIRA,2023-12-31,2023,1.2122072876452334,0.9122302220631096,1.04155270766471,0.9695349668515244,1.0353579190617475,1.1185031217984682,0.8515208859517083,-0.0006812205098516147,-2.312450390518,INTELBRAS S.A. IND. DE TELECOMUNICAÇÃO ELETRÔNICA BRASILEIRA (2023)
82901000000127,25453,INTELBRAS S.A. IND. DE TELECOMUNICAÇÃO ELETRÔNICA BRASILEIRA,2024-12-31,2024,1.1008322802157071,1.0119084236537639,1.0550457033396743,1.1589964704815878,0.9309000563751278,0.9769427599019234,1.0202061107607492,0.075991992848218,-1.8719048505955014,INTELBRAS S.A. IND. DE TELECOMUNICAÇÃO ELETRÔNICA BRASILEIRA (2024)
82901000000127,25453,INTELBRAS S.A. IND. DE TELECOMUNICAÇÃO ELETRÔNICA BRASILEIRA,2025-12-31,2025,1.0099571819557567,1.0216691221871645,1.009003301325784,0.9378137256509788,0.8526800447191519,1.0159462644587927,0.9241465826229541,-0.08192208997833517,-2.8894248629401376,INTELBRAS S.A. IND. DE TELECOMUNICAÇÃO ELETRÔNICA BRASILEIRA (2025)
92012467000170,4537,GRAZZIOTIN S.A.,2022-12-31,2022,0.7847596495641871,0.9804031565242343,1.0459264751801471,1.1119402012195718,0.8605251430258786,1.1112843067612552,0.8870893962644609,-0.0940786205978388,-3.0084159079662403,GRAZZIOTIN S.A. (2022)
92012467000170,4537,GRAZZIOTIN S.A.,2023-12-31,2023,0.9674293923161171,1.049058591440777,1.0071857394971462,0.9919073907710255,0.8348725773900606,1.0904974462797592,1.0783330612696505,-0.044964844369058024,-2.7589382236621,GRAZZIOTIN S.A. (2023)
92012467000170,4537,GRAZZIOTIN S.A.,2024-12-31,2024,0.9644367902172997,0.983065649203265,0.9280873944158589,1.0764786969825466,1.107567008020461,0.9776647155962883,0.9579456065074441,-0.037301798406998564,-2.6270646384028105,GRAZZIOTIN S.A. (2024)
92012467000170,4537,GRAZZIOTIN S.A.,2025-12-31,2025,0.8519273068583415,0.9848439742785002,1.098263221514393,1.0222662340514308,0.8298248911898943,1.0251991975927002,1.0075462234535435,-0.05082568589507675,-2.8288548358770655,GRAZZIOTIN S.A. (2025)
92665611000177,9342,DIMED S.A. DISTRIBUIDORA DE MEDICAMENTOS,2021-12-31,2021,0.9930947356396763,0.9532765276339407,1.0946649935438926,1.144122790526088,0.9142797357732277,1.094911679291137,1.0378077434487636,-0.021734857584437182,-2.4844638200492555,DIMED S.A. DISTRIBUIDORA DE MEDICAMENTOS (2021)
92665611000177,9342,DIMED S.A. DISTRIBUIDORA DE MEDICAMENTOS,2022-12-31,2022,0.9403569935359428,0.9843519884030825,1.0913532817361973,1.237200068952517,1.0107462984092446,0.98147272170176,1.0647213784163354,-0.04358928201627001,-2.515340153854944,DIMED S.A. DISTRIBUIDORA DE MEDICAMENTOS (2022)
92665611000177,9342,DIMED S.A. DISTRIBUIDORA DE MEDICAMENTOS,2023-12-31,2023,1.0785760545691256,1.008601074680964,0.9924817970425975,1.1179162881611837,0.9689874347631935,0.9876389390480533,1.0431362565447446,-0.06619593367278966,-2.6263013593834823,DIMED S.A. DISTRIBUIDORA DE MEDICAMENTOS (2023)
92665611000177,9342,DIMED S.A. DISTRIBUIDORA DE MEDICAMENTOS,2024-12-31,2024,0.9310214391431894,0.9710895583632467,1.1101240344249286,1.1079227001376593,1.02915954301122,1.0189129289215753,1.0256850169842777,-0.035215886053780766,-2.591041638469728,DIMED S.A. DISTRIBUIDORA DE MEDICAMENTOS (2024)
92665611000177,9342,DIMED S.A. DISTRIBUIDORA DE MEDICAMENTOS,2025-12-31,2025,1.0425390789585753,0.9819829500950309,0.9129254355792754,1.1152575376401477,1.0236986846778084,0.9952779080031718,1.0352550581283222,-0.09097874695536626,-2.816425862609613,DIMED S.A. DISTRIBUIDORA DE MEDICAMENTOS (2025)
92754738000162,8133,LOJAS RENNER S.A.,2021-12-31,2021,1.012472848637184,0.9802083331735078,0.8467715240824342,1.4025877052160092,1.115533807408578,0.9325058060309972,0.8399950558727819,-0.02720383000455119,-2.2318407652032346,LOJAS RENNER S.A. (2021)
92754738000162,8133,LOJAS RENNER S.A.,2022-12-31,2022,0.9602219664033641,0.9704137206989145,1.1475994449886517,1.2553626921145762,0.950382585660144,0.9261600528917219,0.9442824163830856,-0.011562449701856721,-2.2736902332969766,LOJAS RENNER S.A. (2022)
92754738000162,8133,LOJAS RENNER S.A.,2023-12-31,2023,0.9894402111793884,0.9988890630046527,1.1712303385200644,1.028385812006914,0.9336708207665686,1.0267688753550075,0.9873087448154687,-0.0823354060522664,-2.7891338060223507,LOJAS RENNER S.A. (2023)
92754738000162,8133,LOJAS RENNER S.A.,2024-12-31,2024,0.9829354905633059,0.9946929253684073,0.9668797060385087,1.0577759176555954,0.8844800566293965,1.0058937576291458,0.9255582204878684,-0.06336189434700133,-2.746772325847876,LOJAS RENNER S.A. (2024)
92754738000162,8133,LOJAS RENNER S.A.,2025-12-31,2025,0.947970979663729,0.9813322685584775,1.0704434892249397,1.0964989388603752,0.9486806699582675,0.9779438722285813,0.9786112587505787,-0.06850041529036927,-2.738814431533356,LOJAS RENNER S.A. (2025)
96418264021802,25038,LOJAS QUERO QUERO S.A.,2021-12-31,2021,1.027594713615007,1.058272785164079,1.070133721188538,1.2544110281254703,1.081287205478537,0.9881743561443733,0.8937160570525743,-0.026606291812620027,-2.246930123133712,LOJAS QUERO QUERO S.A. (2021)
96418264021802,25038,LOJAS QUERO QUERO S.A.,2022-12-31,2022,0.9622592090772643,1.1739271074901307,1.006764943058515,1.1372252048823617,0.9082510707764477,0.979913647067073,0.984149181134189,-0.08412590912134846,-2.6932882803093356,LOJAS QUERO QUERO S.A. (2022)
96418264021802,25038,LOJAS QUERO QUERO S.A.,2023-12-31,2023,1.1203980679474401,0.9655331749321441,1.237618539247306,1.0369525586897903,0.8470142159856859,1.0892170749381205,1.0929660585910332,-0.04440843954560016,-2.529598380761112,LOJAS QUERO QUERO S.A. (2023)
96418264021802,25038,LOJAS QUERO QUERO S.A.,2024-12-31,2024,1.0630805077232055,0.9895004383857033,0.8612885620496926,1.1118385306532974,0.9472719026093976,0.982349938266933,1.0697511879523767,-0.08737936717890514,-2.8184737710885384,LOJAS QUERO QUERO S.A. (2024)
96418264021802,25038,LOJAS QUERO QUERO S.A.,2025-12-31,2025,1.1285874191939764,1.0733400048264419,0.9059747271659423,1.0457865305494818,0.9181363084097566,1.0057241750312127,1.0692598410332435,-0.08494036699923685,-2.750603504613548,LOJAS QUERO QUERO S.A. (2025)
