CNPJ,CVM,DENOM_CIA,DT_REFER,ANO_REFER,ativo_total,ativo_circulante,recebiveis,imobilizado,passivo_circulante,divida_longo_prazo,receita_liquida,resultado_bruto,despesas_vendas,despesas_gerais_adm,resultado_liquido,depreciacao,fco
00776574000156,20990,AMERICANAS S.A. - EM RECUPERAÇÃO JUDICIAL,2020-12-31,2020,22606775.0,15779801.0,1838917.0,639129.0,5331073.0,7331084.0,10124347.0,2877091.0,-1705978.0,-829353.0,-210758.0,-601763.0,-61768.0
00776574000156,20990,AMERICANAS S.A. - EM RECUPERAÇÃO JUDICIAL,2021-12-31,2021,44518812.0,21912888.0,7021579.0,7825191.0,13336854.0,11287837.0,22695861.0,6761767.0,-3990108.0,-1774476.0,543795.0,-1300292.0,-825649.0
00776574000156,20990,AMERICANAS S.A. - EM RECUPERAÇÃO JUDICIAL,2022-12-31,2022,31292260.0,17048712.0,5469816.0,8311668.0,49939075.0,0.0,25808906.0,5023688.0,-4855800.0,-4183560.0,-12911538.0,-1608238.0,-6207579.0
00776574000156,20990,AMERICANAS S.A. - EM RECUPERAÇÃO JUDICIAL,2023-12-31,2023,27115000.0,10727000.0,2380000.0,6466000.0,49275000.0,0.0,14942000.0,4356000.0,-4134000.0,-3180000.0,-2272000.0,-1374000.0,-245000.0
00776574000156,20990,AMERICANAS S.A. - EM RECUPERAÇÃO JUDICIAL,2024-12-31,2024,17465000.0,7078000.0,1796000.0,5354000.0,4382000.0,1733000.0,14349000.0,4627000.0,-3577000.0,-2137000.0,8281000.0,-1010000.0,-3547000.0
00776574000156,20990,AMERICANAS S.A. - EM RECUPERAÇÃO JUDICIAL,2025-12-31,2025,16249000.0,7771000.0,1467000.0,4222000.0,4664000.0,1995000.0,12305000.0,3324000.0,-2720000.0,-1462000.0,-271000.0,-808000.0,561000.0
04626426000106,27774,BTG PACTUAL COMMODITIES SERTRADING S.A.,2024-12-31,2024,7063042.0,7011869.0,1977496.0,14834.0,2675862.0,0.0,15968815.0,497863.0,-12039.0,-129907.0,292501.0,-5170.0,-946650.0
04626426000106,27774,BTG PACTUAL COMMODITIES SERTRADING S.A.,2025-12-31,2025,35973228.0,33625984.0,5853869.0,905489.0,8758460.0,13931195.0,13010932.0,502029.0,0.0,-259258.0,1090694.0,-13057.0,-2626873.0
04972092000122,26166,GRUPO FARTURA DE HORTIFRUT S.A.,2020-12-31,2020,1099351.0,430855.0,123811.0,581037.0,347310.0,526415.0,1779705.0,717133.0,-496293.0,-75773.0,43929.0,-79500.0,100223.0
04972092000122,26166,GRUPO FARTURA DE HORTIFRUT S.A.,2021-12-31,2021,1505231.0,601805.0,129693.0,799273.0,523161.0,744044.0,2016525.0,800183.0,-613588.0,-85456.0,20623.0,-108786.0,86317.0
04972092000122,26166,GRUPO FARTURA DE HORTIFRUT S.A.,2022-12-31,2022,1463235.0,451098.0,164126.0,893340.0,434143.0,762865.0,2331187.0,947216.0,-706840.0,-114821.0,34452.0,-121710.0,123725.0
04972092000122,26166,GRUPO FARTURA DE HORTIFRUT S.A.,2023-12-31,2023,1845341.0,549128.0,199163.0,893515.0,535413.0,701814.0,2647090.0,1087032.0,-749722.0,-171735.0,346025.0,-130641.0,247799.0
04972092000122,26166,GRUPO FARTURA DE HORTIFRUT S.A.,2024-12-31,2024,2444107.0,724364.0,205123.0,910633.0,603334.0,1143787.0,2903190.0,1194625.0,-750160.0,-195385.0,83043.0,-133690.0,211017.0
04972092000122,26166,GRUPO FARTURA DE HORTIFRUT S.A.,2025-12-31,2025,2381160.0,595752.0,188899.0,911573.0,630708.0,1012297.0,3192356.0,1290024.0,-852716.0,-183724.0,79117.0,-140413.0,195378.0
05730375000120,24252,SMILES FIDELIDADE S.A.,2020-12-31,2020,3362084.0,2453838.0,401148.0,3202.0,1502179.0,0.0,572916.0,473838.0,-108612.0,-159716.0,195957.0,-28577.0,-278927.0
05917486000140,25895,LIVETECH DA BAHIA INDÚSTRIA E COMÉRCIO S.A.,2020-12-31,2020,911310.0,457152.0,162581.0,345930.0,448846.0,0.0,718045.0,238998.0,0.0,-15567.0,70587.0,-96417.0,124113.0
05917486000140,25895,LIVETECH DA BAHIA INDÚSTRIA E COMÉRCIO S.A.,2021-12-31,2021,1491836.0,890391.0,163719.0,419205.0,591304.0,0.0,1066582.0,294860.0,0.0,-27817.0,72454.0,-137382.0,-29546.0
05917486000140,25895,LIVETECH DA BAHIA INDÚSTRIA E COMÉRCIO S.A.,2022-12-31,2022,1638623.0,929119.0,195944.0,444839.0,421971.0,0.0,1070905.0,247657.0,0.0,-17459.0,23169.0,-168507.0,-10520.0
05917486000140,25895,LIVETECH DA BAHIA INDÚSTRIA E COMÉRCIO S.A.,2023-12-31,2023,1353051.0,543219.0,220153.0,412858.0,198427.0,0.0,900717.0,188262.0,0.0,-10601.0,-11876.0,-195223.0,203860.0
05917486000140,25895,LIVETECH DA BAHIA INDÚSTRIA E COMÉRCIO S.A.,2024-12-31,2024,1455435.0,643340.0,317745.0,388070.0,365508.0,0.0,837881.0,216199.0,0.0,-20131.0,28657.0,-198449.0,130205.0
05917486000140,25895,LIVETECH DA BAHIA INDÚSTRIA E COMÉRCIO S.A.,2025-12-31,2025,1188024.0,587451.0,237116.0,262843.0,349998.0,0.0,871847.0,236564.0,0.0,-89456.0,-191446.0,-191284.0,143790.0
06057223000171,25372,SENDAS DISTRIBUIDORA S.A.,2020-12-31,2020,18821000.0,8349000.0,216000.0,7476000.0,8723000.0,5711000.0,36043000.0,5914000.0,-2811000.0,-435000.0,1556000.0,-537000.0,3498000.0
06347409000165,25410,SBF COMÉRCIO DE PRODUTOS ESPORTIVOS S.A.,2020-12-31,2020,6754531.0,4379855.0,3277451.0,1625888.0,3648211.0,1581629.0,3578582.0,873830.0,-786032.0,-205149.0,-112225.0,-234486.0,206469.0
06347409000165,25410,SBF COMÉRCIO DE PRODUTOS ESPORTIVOS S.A.,2021-12-31,2021,5637573.0,3231468.0,2029708.0,1652618.0,2426864.0,1856445.0,4754898.0,1387187.0,-937948.0,-254211.0,80310.0,-265657.0,90562.0
06347409000165,25410,SBF COMÉRCIO DE PRODUTOS ESPORTIVOS S.A.,2022-12-31,2022,10026057.0,6475190.0,3391588.0,1945500.0,4695201.0,2190426.0,6185094.0,1774179.0,-1331598.0,-295237.0,40170.0,-320595.0,458365.0
06347409000165,25410,SBF COMÉRCIO DE PRODUTOS ESPORTIVOS S.A.,2023-12-31,2023,8832574.0,5295048.0,1926184.0,1903420.0,3202470.0,2368220.0,9377358.0,3148562.0,-2249615.0,-435705.0,129060.0,-401606.0,699458.0
06347409000165,25410,SBF COMÉRCIO DE PRODUTOS ESPORTIVOS S.A.,2024-12-31,2024,8922504.0,5161376.0,1726262.0,1971402.0,3242779.0,2201725.0,9516148.0,3384515.0,-2192049.0,-640860.0,522755.0,-410301.0,1163351.0
06347409000165,25410,SBF COMÉRCIO DE PRODUTOS ESPORTIVOS S.A.,2025-12-31,2025,10283053.0,6197193.0,2485095.0,2088524.0,4174348.0,2249658.0,12088651.0,3969953.0,-2407064.0,-643900.0,642305.0,-451254.0,642823.0
06626253000151,22608,EMPREENDIMENTOS PAGUE MENOS S.A.,2022-12-31,2022,8597426.0,4127912.0,686621.0,1044838.0,2935820.0,1100597.0,9189075.0,2950775.0,-2257817.0,-321419.0,263049.0,-387328.0,146466.0
06626253000151,22608,EMPREENDIMENTOS PAGUE MENOS S.A.,2023-12-31,2023,8988598.0,4493557.0,780978.0,949597.0,3242528.0,1205139.0,11202122.0,3545239.0,-2842023.0,-325854.0,2735.0,-527262.0,491579.0
06626253000151,22608,EMPREENDIMENTOS PAGUE MENOS S.A.,2024-12-31,2024,8983695.0,4614664.0,842102.0,2709408.0,3381427.0,1046625.0,12641825.0,4026116.0,-3072840.0,-386182.0,103148.0,-518128.0,384477.0
06626253000151,22608,EMPREENDIMENTOS PAGUE MENOS S.A.,2025-12-31,2025,9920927.0,5688716.0,1504816.0,2594063.0,3577888.0,1544416.0,14906429.0,4763098.0,-3464032.0,-449659.0,260930.0,-526348.0,200372.0
07859510000168,24473,JHSF MALLS S.A.,2020-12-31,2020,3077671.0,174593.0,32804.0,32869.0,136848.0,612930.0,107895.0,77078.0,-4883.0,-40809.0,49927.0,-3695.0,47313.0
07859510000168,24473,JHSF MALLS S.A.,2021-12-31,2021,3169030.0,255737.0,42879.0,25698.0,123939.0,689576.0,146635.0,106414.0,-9546.0,-53860.0,-8382.0,-3337.0,-9364.0
07859510000168,24473,JHSF MALLS S.A.,2022-12-31,2022,3219596.0,268813.0,48466.0,40290.0,132029.0,792742.0,185222.0,138182.0,-11207.0,-69736.0,-63878.0,-4505.0,12233.0
08764621000153,21008,GENERAL SHOPPING E OUTLETS DO BRASIL BRASIL S.A.,2020-12-31,2020,1693377.0,250781.0,72186.0,19320.0,277345.0,1704613.0,91781.0,61029.0,0.0,-48523.0,-472942.0,-2402.0,40179.0
08764621000153,21008,GENERAL SHOPPING E OUTLETS DO BRASIL BRASIL S.A.,2021-12-31,2021,1726089.0,358441.0,76824.0,26372.0,304513.0,1926297.0,130584.0,95594.0,0.0,-52445.0,-256470.0,-3036.0,-39652.0
08764621000153,21008,GENERAL SHOPPING E OUTLETS DO BRASIL BRASIL S.A.,2022-12-31,2022,1496797.0,255115.0,63125.0,26696.0,281443.0,1789043.0,154115.0,108065.0,0.0,-54270.0,-86772.0,-3006.0,-125887.0
08764621000153,21008,GENERAL SHOPPING E OUTLETS DO BRASIL BRASIL S.A.,2023-12-31,2023,1527137.0,353743.0,65292.0,27783.0,237517.0,1798652.0,160707.0,110700.0,0.0,-65631.0,93165.0,-2088.0,-62889.0
08764621000153,21008,GENERAL SHOPPING E OUTLETS DO BRASIL BRASIL S.A.,2024-12-31,2024,1219757.0,218528.0,60801.0,28411.0,193542.0,2381814.0,180492.0,121660.0,0.0,-67245.0,-815268.0,-2137.0,-8572.0
08764621000153,21008,GENERAL SHOPPING E OUTLETS DO BRASIL BRASIL S.A.,2025-12-31,2025,1058223.0,159837.0,66656.0,29445.0,270558.0,2159515.0,190189.0,128504.0,0.0,-64243.0,22170.0,-2845.0,-39839.0
09295063000197,22519,TECHNOS S.A.,2020-12-31,2020,598815.0,345865.0,133452.0,28129.0,66682.0,133732.0,244607.0,112399.0,-63578.0,-33850.0,-28163.0,11087.0,12952.0
09295063000197,22519,TECHNOS S.A.,2021-12-31,2021,642730.0,418279.0,142792.0,25654.0,109156.0,120003.0,314402.0,165176.0,-69425.0,-37499.0,28081.0,8890.0,42457.0
09295063000197,22519,TECHNOS S.A.,2022-12-31,2022,642766.0,417062.0,148184.0,26443.0,86217.0,102253.0,351232.0,190552.0,-84225.0,-38493.0,39925.0,9751.0,42437.0
09295063000197,22519,TECHNOS S.A.,2023-12-31,2023,665615.0,437690.0,152111.0,27556.0,95547.0,77759.0,342347.0,189381.0,-88623.0,-41299.0,56213.0,9629.0,75704.0
09295063000197,22519,TECHNOS S.A.,2024-12-31,2024,724487.0,495693.0,190186.0,26161.0,171209.0,53778.0,400280.0,218851.0,-106680.0,-39405.0,64833.0,10576.0,48231.0
09295063000197,22519,TECHNOS S.A.,2025-12-31,2025,693048.0,459750.0,229721.0,26582.0,124490.0,40705.0,478423.0,261665.0,-125961.0,-41102.0,71475.0,11774.0,28015.0
09813204000116,25852,W2W E-COMMERCE DE VINHOS S.A.,2020-12-31,2020,286286.0,225139.0,84587.0,29505.0,192882.0,13459.0,341101.0,160042.0,-80231.0,-78702.0,-6611.0,-12122.0,19064.0
09813204000116,25852,W2W E-COMMERCE DE VINHOS S.A.,2021-12-31,2021,624121.0,317312.0,98122.0,40628.0,225962.0,253943.0,557858.0,265424.0,-123759.0,-107926.0,-3506.0,-19118.0,18565.0
09813204000116,25852,W2W E-COMMERCE DE VINHOS S.A.,2022-12-31,2022,660214.0,343113.0,118536.0,37696.0,298941.0,128640.0,730796.0,356489.0,-166428.0,-137479.0,-20331.0,-30677.0,37030.0
09813204000116,25852,W2W E-COMMERCE DE VINHOS S.A.,2023-12-31,2023,681638.0,368448.0,119358.0,35096.0,329304.0,134430.0,768567.0,359325.0,-175101.0,-144817.0,-26530.0,-32706.0,24410.0
09813204000116,25852,W2W E-COMMERCE DE VINHOS S.A.,2024-12-31,2024,772159.0,418067.0,150857.0,29023.0,461275.0,81633.0,792763.0,372851.0,-187032.0,-145554.0,-40780.0,-41135.0,35149.0
09813204000116,25852,W2W E-COMMERCE DE VINHOS S.A.,2025-12-31,2025,709590.0,321021.0,133352.0,22316.0,338686.0,48410.0,766844.0,368261.0,-156025.0,-151556.0,6219.0,-46442.0,-29097.0
10158356000101,27839,CPX DISTRIBUIDORA S.A.,2024-12-31,2024,2759054.0,1960310.0,476954.0,131328.0,533596.0,1053136.0,2391950.0,806687.0,-323481.0,-235285.0,88279.0,-22294.0,-405196.0
10158356000101,27839,CPX DISTRIBUIDORA S.A.,2025-12-31,2025,2878952.0,1957698.0,539149.0,190638.0,1800220.0,143507.0,3023315.0,906666.0,-309703.0,-419234.0,-9977.0,28366.0,146455.0
12108897000150,25046,D1000 VAREJO FARMA PARTICIPAÇÕES S.A.,2020-12-31,2020,1454977.0,483022.0,71396.0,257112.0,317674.0,46925.0,1004375.0,324907.0,0.0,-266318.0,123.0,-76956.0,5804.0
12108897000150,25046,D1000 VAREJO FARMA PARTICIPAÇÕES S.A.,2021-12-31,2021,1470516.0,394550.0,95738.0,334463.0,357243.0,2466.0,1141394.0,370898.0,0.0,-295580.0,1979.0,-94038.0,95007.0
12108897000150,25046,D1000 VAREJO FARMA PARTICIPAÇÕES S.A.,2022-12-31,2022,1470715.0,411100.0,134466.0,327788.0,342648.0,26541.0,1483148.0,475512.0,0.0,-340220.0,11355.0,-97460.0,102608.0
12108897000150,25046,D1000 VAREJO FARMA PARTICIPAÇÕES S.A.,2023-12-31,2023,1548519.0,472346.0,160447.0,353422.0,407884.0,17546.0,1748909.0,552829.0,0.0,-511205.0,21362.0,-104585.0,146042.0
12108897000150,25046,D1000 VAREJO FARMA PARTICIPAÇÕES S.A.,2024-12-31,2024,1834454.0,602480.0,196038.0,486941.0,528585.0,28208.0,2160645.0,661640.0,0.0,-595348.0,25857.0,-117646.0,176739.0
12108897000150,25046,D1000 VAREJO FARMA PARTICIPAÇÕES S.A.,2025-12-31,2025,1949154.0,620264.0,239679.0,567989.0,573366.0,15130.0,2666765.0,762249.0,0.0,-689140.0,22565.0,-134737.0,165212.0
12420164000157,25682,CM HOSPITALAR S.A,2020-12-31,2020,4595219.0,2870295.0,978549.0,357048.0,2064600.0,411373.0,4413421.0,638471.0,-162338.0,-258004.0,121766.0,-82265.0,185611.0
12420164000157,25682,CM HOSPITALAR S.A,2021-12-31,2021,6897190.0,4587414.0,1183243.0,293914.0,2124284.0,1877294.0,6218759.0,1097307.0,-196365.0,-475497.0,395155.0,-98189.0,214542.0
12420164000157,25682,CM HOSPITALAR S.A,2022-12-31,2022,9559624.0,5633112.0,2028015.0,438478.0,3215396.0,3056954.0,8746531.0,1396664.0,-240218.0,-623310.0,259733.0,-26386.0,532751.0
12420164000157,25682,CM HOSPITALAR S.A,2023-12-31,2023,10186693.0,5974663.0,2453332.0,554435.0,3056590.0,2835178.0,11083830.0,1734717.0,-281399.0,-864658.0,359916.0,-260611.0,-895625.0
12420164000157,25682,CM HOSPITALAR S.A,2024-12-31,2024,9544197.0,5269722.0,2075703.0,536286.0,2853057.0,3469652.0,11583371.0,1305953.0,-484050.0,-989334.0,-1415491.0,-311127.0,34150.0
12420164000157,25682,CM HOSPITALAR S.A,2025-12-31,2025,8983758.0,4653627.0,2007835.0,485230.0,3499523.0,2442465.0,11566926.0,1669361.0,-364487.0,-962745.0,18239.0,-330372.0,276580.0
13217485000111,24694,GRUPO SBF S.A.,2020-12-31,2020,6193860.0,3289039.0,984491.0,1670668.0,1852278.0,1587253.0,2406863.0,1050097.0,-855553.0,-250980.0,-112805.0,-239912.0,-508831.0
13217485000111,24694,GRUPO SBF S.A.,2021-12-31,2021,7146492.0,3617346.0,1330303.0,1757954.0,2161217.0,1911402.0,5110462.0,2351611.0,-1528850.0,-387894.0,497831.0,-315731.0,407081.0
13217485000111,24694,GRUPO SBF S.A.,2022-12-31,2022,8470247.0,4526488.0,1715172.0,2000123.0,2948338.0,2213814.0,6260707.0,2940932.0,-2028388.0,-508530.0,204602.0,-370293.0,138103.0
13217485000111,24694,GRUPO SBF S.A.,2023-12-31,2023,8614447.0,4688724.0,1597414.0,1955083.0,2841656.0,2384462.0,6988671.0,3314671.0,-2277841.0,-517600.0,168812.0,-415150.0,625410.0
13217485000111,24694,GRUPO SBF S.A.,2024-12-31,2024,8945967.0,4874554.0,1771289.0,2008819.0,3222231.0,2213862.0,7151714.0,3513125.0,-2230503.0,-688354.0,535834.0,-425976.0,1069935.0
13217485000111,24694,GRUPO SBF S.A.,2025-12-31,2025,9522546.0,5070858.0,1815778.0,2121135.0,3739772.0,2257373.0,7736413.0,3735083.0,-2468857.0,-695293.0,327970.0,-466088.0,641706.0
16233389000155,25542,CVLB BRASIL S.A,2020-12-31,2020,1294682.0,637484.0,136620.0,491998.0,433059.0,362539.0,638933.0,304288.0,0.0,-55020.0,-55530.0,-98660.0,16448.0
16233389000155,25542,CVLB BRASIL S.A,2021-12-31,2021,1231368.0,512559.0,124445.0,470272.0,468542.0,364914.0,721887.0,320443.0,0.0,-63277.0,-106786.0,-104652.0,-33838.0
16233389000155,25542,CVLB BRASIL S.A EM RECUPERAÇÃO JUDICAL,2022-12-31,2022,1263729.0,507387.0,103997.0,419714.0,455282.0,435788.0,775844.0,339697.0,0.0,-72088.0,-106114.0,-102228.0,169812.0
16233389000155,25542,CVLB BRASIL S.A EM RECUPERAÇÃO JUDICAL,2023-12-31,2023,2779922.0,977179.0,141326.0,896788.0,1260289.0,519673.0,2087226.0,788843.0,-331376.0,-99641.0,-135693.0,-212260.0,217220.0
16233389000155,25542,CVLB BRASIL S.A EM RECUPERAÇÃO JUDICAL,2024-12-31,2024,2815001.0,964163.0,18873.0,814422.0,1486687.0,450115.0,2232796.0,860993.0,-402580.0,-80043.0,-111611.0,-191872.0,97313.0
16233389000155,25542,CVLB BRASIL S.A EM RECUPERAÇÃO JUDICAL,2025-12-31,2025,2303485.0,870055.0,51550.0,740236.0,2097976.0,0.0,2089068.0,774191.0,-427596.0,-101763.0,-767714.0,-203227.0,32771.0
16922038000151,25259,ENJOEI S.A.,2020-12-31,2020,529067.0,506654.0,0.0,4343.0,28371.0,0.0,79607.0,28187.0,-21967.0,-37394.0,-31125.0,-6779.0,-7271.0
16922038000151,25259,ENJOEI S.A.,2021-12-31,2021,472295.0,418705.0,16001.0,10580.0,39417.0,0.0,106140.0,27772.0,-57197.0,-101876.0,-118785.0,-10484.0,-68003.0
16922038000151,25259,ENJOEI S.A.,2022-12-31,2022,430696.0,357013.0,20774.0,7927.0,42929.0,0.0,138901.0,48677.0,-42789.0,-99167.0,-66515.0,-17803.0,-33624.0
16922038000151,25259,ENJOEI S.A.,2023-12-31,2023,412862.0,296486.0,20325.0,7067.0,60946.0,0.0,194555.0,96873.0,-48718.0,-119813.0,-52971.0,-25183.0,-10068.0
16922038000151,25259,ENJOEI S.A.,2024-12-31,2024,422174.0,237806.0,23790.0,22024.0,68071.0,0.0,265221.0,148553.0,-56890.0,-129828.0,-23935.0,-36089.0,4924.0
16922038000151,25259,ENJOEI S.A.,2025-12-31,2025,455101.0,333025.0,83940.0,17236.0,134818.0,0.0,263964.0,147078.0,-48287.0,-128239.0,-16788.0,-39553.0,23165.0
17359233000188,26760,TECIDOS E ARMARINHOS MIGUEL BARTOLOMEU S.A.,2022-12-31,2022,2248459.0,1850006.0,994024.0,306276.0,515491.0,196058.0,4468988.0,1102140.0,-349829.0,-254959.0,440973.0,-19226.0,171941.0
17359233000188,26760,TECIDOS E ARMARINHOS MIGUEL BARTOLOMEU S.A.,2023-12-31,2023,2623280.0,1993923.0,1040279.0,528306.0,535627.0,338833.0,4729161.0,1082856.0,-426817.0,-237830.0,331590.0,-27100.0,302934.0
17359233000188,26760,TECIDOS E ARMARINHOS MIGUEL BARTOLOMEU S.A.,2024-12-31,2024,2920928.0,1937111.0,949668.0,858156.0,687612.0,579402.0,5014989.0,1146756.0,-510690.0,-279440.0,267102.0,-43700.0,275785.0
17359233000188,26760,TECIDOS E ARMARINHOS MIGUEL BARTOLOMEU S.A.,2025-12-31,2025,3301830.0,2236776.0,1068270.0,923587.0,1484831.0,631007.0,5464805.0,1335041.0,-589621.0,-351506.0,250330.0,-66907.0,103133.0
18328118000109,25089,PET CENTER COMÉRCIO E PARTICIPAÇÕES S.A.,2021-12-31,2021,3447347.0,1362704.0,259605.0,1401390.0,699604.0,97813.0,2097525.0,1012866.0,-619457.0,-185839.0,75036.0,-189130.0,165194.0
18328118000109,25089,PET CENTER COMÉRCIO E PARTICIPAÇÕES S.A.,2022-12-31,2022,3647129.0,1089232.0,328299.0,1744660.0,737213.0,26832.0,2834533.0,1350572.0,-847683.0,-301661.0,50590.0,-267070.0,202790.0
18328118000109,25089,PET CENTER COMÉRCIO E PARTICIPAÇÕES S.A.,2023-12-31,2023,3995411.0,1378657.0,364273.0,1714769.0,760020.0,387685.0,3173241.0,1481788.0,-966467.0,-337027.0,16349.0,-322936.0,429095.0
18328118000109,25089,PET CENTER COMÉRCIO E PARTICIPAÇÕES S.A.,2024-12-31,2024,3895459.0,1377991.0,386664.0,1636093.0,823961.0,404369.0,3322608.0,1559298.0,-1033141.0,-345965.0,-42756.0,-342543.0,460541.0
18328118000109,25089,PET CENTER COMÉRCIO E PARTICIPAÇÕES S.A.,2025-12-31,2025,3932838.0,1548118.0,382304.0,1517353.0,1066371.0,310748.0,3586622.0,1685752.0,-1109612.0,-370179.0,40042.0,-369657.0,587912.0
18483666000103,25933,HUMBERG AGRIBRASIL COMÉRCIO E EXPORTAÇÃO DE GRÃOS S.A.,2020-12-31,2020,263720.0,252856.0,2430.0,482.0,231568.0,1502.0,1368190.0,65765.0,0.0,-18284.0,23177.0,-141.0,60475.0
18483666000103,25933,HUMBERG AGRIBRASIL COMÉRCIO E EXPORTAÇÃO DE GRÃOS S.A.,2021-12-31,2021,964182.0,915304.0,274611.0,2471.0,786393.0,143565.0,2184137.0,44901.0,0.0,-18887.0,9121.0,-299.0,-237858.0
18483666000103,25933,HUMBERG AGRIBRASIL COMÉRCIO E EXPORTAÇÃO DE GRÃOS S.A.,2022-12-31,2022,1065410.0,660881.0,211411.0,1963.0,712049.0,124844.0,3993829.0,-36481.0,0.0,183463.0,118480.0,-691.0,41036.0
18483666000103,25933,HUMBERG AGRIBRASIL COMÉRCIO E EXPORTAÇÃO DE GRÃOS S.A.,2023-12-31,2023,805059.0,409628.0,140689.0,2972.0,443231.0,107071.0,2092686.0,85899.0,0.0,-45396.0,1206.0,-677.0,158428.0
18483666000103,25933,HUMBERG AGRIBRASIL COMÉRCIO E EXPORTAÇÃO DE GRÃOS S.A.,2024-12-31,2024,983320.0,585120.0,129742.0,936.0,644832.0,87270.0,2191955.0,159050.0,0.0,-18650.0,27342.0,-794.0,186153.0
20247322000147,25330,ALLIED TECNOLOGIA S.A.,2020-12-31,2020,3715984.0,2724356.0,1401512.0,151473.0,2021812.0,344431.0,4722413.0,738279.0,-341931.0,-132999.0,167645.0,-58393.0,326763.0
20247322000147,25330,ALLIED TECNOLOGIA S.A.,2021-12-31,2021,4528962.0,3340588.0,1412059.0,167224.0,2429993.0,230607.0,5738533.0,807823.0,-380320.0,-143369.0,288231.0,-69871.0,124219.0
20247322000147,25330,ALLIED TECNOLOGIA S.A.,2022-12-31,2022,3688953.0,2567150.0,1437226.0,137016.0,1529603.0,408395.0,5127781.0,772592.0,-436639.0,-141285.0,76146.0,-73539.0,2100537.0
20247322000147,25330,ALLIED TECNOLOGIA S.A.,2023-12-31,2023,3395751.0,2289747.0,959618.0,108952.0,1135058.0,462053.0,5854915.0,678297.0,-374490.0,-124722.0,122444.0,-64910.0,2110635.0
20247322000147,25330,ALLIED TECNOLOGIA S.A.,2024-12-31,2024,3480239.0,2452534.0,944469.0,87189.0,1342037.0,382514.0,5521381.0,657481.0,-392091.0,-133794.0,145532.0,-52899.0,1299080.0
20247322000147,25330,ALLIED TECNOLOGIA S.A.,2025-12-31,2025,3369335.0,2347432.0,1007298.0,68940.0,1305823.0,353667.0,5504620.0,630492.0,-367113.0,-128710.0,332712.0,-48086.0,2179430.0
20258278000170,23507,OUROFINO S.A.,2020-12-31,2020,1103937.0,679623.0,209409.0,277305.0,238693.0,297786.0,730108.0,373986.0,-209826.0,-47225.0,89713.0,-26397.0,111936.0
20258278000170,23507,OUROFINO S.A.,2021-12-31,2021,1192643.0,729711.0,245292.0,314045.0,245643.0,297330.0,904991.0,447171.0,-249052.0,-54106.0,113957.0,-27679.0,46500.0
20258278000170,23507,OUROFINO S.A.,2022-12-31,2022,1346505.0,842904.0,301008.0,342358.0,259425.0,324140.0,1041107.0,528075.0,-290829.0,-62978.0,130658.0,-31994.0,89590.0
20258278000170,23507,OUROFINO S.A.,2023-12-31,2023,1279009.0,828889.0,263035.0,333146.0,232656.0,333122.0,943281.0,431733.0,-275306.0,-58468.0,-49976.0,-36189.0,190301.0
20258278000170,23507,OUROFINO S.A.,2024-12-31,2024,1384706.0,891593.0,354295.0,337343.0,291255.0,302464.0,1024792.0,517685.0,-275949.0,-64079.0,134329.0,-37683.0,73936.0
20258278000170,23507,OUROFINO S.A.,2025-12-31,2025,1565822.0,1023334.0,430367.0,342882.0,288001.0,437439.0,1224992.0,633017.0,-318893.0,-67830.0,222311.0,-38306.0,99914.0
20553221000102,26573,TROCAFONE S.A.,2020-12-31,2020,112204.0,88624.0,20552.0,3314.0,73638.0,24110.0,199212.0,72441.0,-25565.0,-41675.0,779.0,-1333.0,5469.0
21240146000184,25658,AGROGALAXY PARTICIPAÇÕES S.A. - EM RECUPERAÇÃO JUDICIAL,2020-12-31,2020,4260865.0,3206373.0,1750972.0,97636.0,3110584.0,66492.0,2630908.0,328344.0,-109906.0,-128304.0,76211.0,-33054.0,102800.0
21240146000184,25658,AGROGALAXY PARTICIPAÇÕES S.A. - EM RECUPERAÇÃO JUDICIAL,2021-12-31,2021,6774910.0,5405111.0,2640037.0,129197.0,4860330.0,345224.0,6580618.0,901941.0,-275481.0,-295460.0,119397.0,-89356.0,32616.0
21240146000184,25658,AGROGALAXY PARTICIPAÇÕES S.A. - EM RECUPERAÇÃO JUDICIAL,2022-12-31,2022,9910493.0,8207602.0,4660062.0,165731.0,7190670.0,442418.0,11592510.0,1451479.0,-477108.0,-420447.0,28947.0,-108911.0,-144106.0
21240146000184,25658,AGROGALAXY PARTICIPAÇÕES S.A. - EM RECUPERAÇÃO JUDICIAL,2023-12-31,2023,7714016.0,5553467.0,3327372.0,219657.0,6147186.0,96115.0,9399096.0,968105.0,-343292.0,-413784.0,-367292.0,-147420.0,83488.0
21240146000184,25658,AGROGALAXY PARTICIPAÇÕES S.A. - EM RECUPERAÇÃO JUDICIAL,2024-12-31,2024,3638761.0,1811716.0,988142.0,172415.0,5209502.0,48487.0,4612367.0,-61681.0,-1196547.0,-387635.0,-3020012.0,-160983.0,-217816.0
31553627000101,25461,MOBLY S.A.,2020-12-31,2020,310182.0,208191.0,29731.0,71173.0,252270.0,67205.0,603105.0,241568.0,-209563.0,-49898.0,-40256.0,-25764.0,-2882.0
31553627000101,25461,GRUPO TOKY S.A.,2021-12-31,2021,999039.0,667693.0,155437.0,246481.0,186459.0,158942.0,721391.0,287075.0,-271922.0,-94268.0,-84809.0,-46616.0,-339592.0
31553627000101,25461,GRUPO TOKY S.A. - EM RECUPERAÇÃO JUDICIAL,2022-12-31,2022,906980.0,544896.0,107302.0,225906.0,191278.0,136268.0,637059.0,254188.0,-268402.0,-83493.0,-89838.0,-68485.0,13135.0
31553627000101,25461,GRUPO TOKY S.A. - EM RECUPERAÇÃO JUDICIAL,2023-12-31,2023,798796.0,454729.0,102542.0,187744.0,195375.0,0.0,541944.0,235179.0,-233476.0,-88503.0,-85145.0,-64468.0,-82653.0
31553627000101,25461,GRUPO TOKY S.A. - EM RECUPERAÇÃO JUDICIAL,2024-12-31,2024,2031024.0,697717.0,138957.0,570802.0,602642.0,357833.0,811197.0,374485.0,-326749.0,-114632.0,-164081.0,-104141.0,-51005.0
31553627000101,25461,GRUPO TOKY S.A. - EM RECUPERAÇÃO JUDICIAL,2025-12-31,2025,1834292.0,585442.0,106887.0,430081.0,662133.0,481518.0,1445029.0,758706.0,-600974.0,-164773.0,-146886.0,-201443.0,119940.0
33014556000196,8087,LOJAS AMERICANAS S.A.,2020-12-31,2020,47709461.0,31567858.0,3365280.0,6860408.0,12088056.0,19232853.0,21291412.0,7129277.0,-3371030.0,-1995424.0,314929.0,-1560785.0,1605594.0
33041260065290,6505,GRUPO CASAS BAHIA S.A.,2020-12-31,2020,33056000.0,19248000.0,7907000.0,4492000.0,18497000.0,2409000.0,28901000.0,9466000.0,-5892000.0,-891000.0,1004000.0,-912000.0,-4221000.0
33041260065290,6505,GRUPO CASAS BAHIA S.A.,2021-12-31,2021,35340000.0,18464000.0,6900000.0,5019000.0,18677000.0,4139000.0,30899000.0,9327000.0,-7121000.0,-1077000.0,-297000.0,-993000.0,1118000.0
33041260065290,6505,GRUPO CASAS BAHIA S.A.,2022-12-31,2022,35574000.0,17123000.0,6595000.0,4553000.0,19750000.0,3005000.0,30898000.0,9590000.0,-6340000.0,-1132000.0,-342000.0,-1118000.0,3079000.0
33041260065290,6505,GRUPO CASAS BAHIA S.A.,2023-12-31,2023,31996000.0,13350000.0,3588000.0,4039000.0,18829000.0,2164000.0,28847000.0,8055000.0,-5883000.0,-1181000.0,-2625000.0,-1139000.0,4024000.0
33041260065290,6505,GRUPO CASAS BAHIA S.A.,2024-12-31,2024,33889000.0,14140000.0,4616000.0,3712000.0,19262000.0,4222000.0,27206000.0,8377000.0,-5486000.0,-1195000.0,-1045000.0,-1072000.0,10643000.0
33041260065290,6505,GRUPO CASAS BAHIA S.A.,2025-12-31,2025,33638000.0,14403000.0,5060000.0,3447000.0,21822000.0,685000.0,29197000.0,8909000.0,-5509000.0,-1124000.0,-2988000.0,-1037000.0,15129000.0
33453598000123,25917,RAÍZEN S.A.,2020-03-31,2020,29179467.0,13395104.0,1783961.0,7031584.0,11980903.0,7139067.0,100941193.0,4839571.0,-2252046.0,-612683.0,2100884.0,-823748.0,3448961.0
33453598000123,25917,RAÍZEN S.A.,2021-03-31,2021,31392153.0,14438269.0,2438789.0,7181379.0,12910822.0,7419826.0,89415311.0,4331345.0,-2172294.0,-645098.0,1039344.0,-987575.0,2732248.0
33453598000123,25917,RAÍZEN S.A.,2022-03-31,2022,100344344.0,47045340.0,6271015.0,33044487.0,40415207.0,28716507.0,191269874.0,11699012.0,-4028231.0,-1959624.0,3249563.0,-6369468.0,13913960.0
33453598000123,25917,RAÍZEN S.A.,2023-03-31,2023,111551463.0,47482431.0,8423769.0,37395457.0,44830685.0,32755533.0,245831790.0,15267707.0,-5234882.0,-2553864.0,2503326.0,-8653478.0,13056274.0
33453598000123,25917,RAÍZEN S.A.,2024-03-31,2024,128183310.0,56481123.0,9825557.0,43127494.0,51460167.0,37626160.0,220454239.0,15723597.0,-6109524.0,-2882872.0,614133.0,-9205235.0,21421351.0
33453598000123,25917,RAÍZEN S.A.,2025-03-31,2025,140999678.0,61120378.0,8015818.0,48773129.0,45937522.0,61232239.0,255268454.0,11836793.0,-6819705.0,-2572721.0,-4176951.0,-9352208.0,6215847.0
34274233000102,24295,VIBRA ENERGIA S/A,2020-12-31,2020,28327000.0,13351000.0,3997000.0,6723000.0,6942000.0,6356000.0,81501000.0,4457000.0,-2292000.0,-457000.0,3905000.0,-537000.0,1818000.0
34274233000102,24295,VIBRA ENERGIA S/A,2021-12-31,2021,33884000.0,17760000.0,5587000.0,6762000.0,7339000.0,12376000.0,130121000.0,6851000.0,-2663000.0,-634000.0,2497000.0,-559000.0,2276000.0
34274233000102,24295,VIBRA ENERGIA S/A,2022-12-31,2022,41110000.0,22244000.0,6931000.0,6944000.0,9624000.0,15589000.0,181446000.0,7489000.0,-2638000.0,-743000.0,1537000.0,-553000.0,1263000.0
34274233000102,24295,VIBRA ENERGIA S/A,2023-12-31,2023,43481000.0,23599000.0,6135000.0,6954000.0,9996000.0,14048000.0,162947000.0,8361000.0,-2773000.0,-804000.0,4766000.0,-554000.0,6247000.0
34274233000102,24295,VIBRA ENERGIA S/A,2024-12-31,2024,49000000.0,25841000.0,4953000.0,6984000.0,8514000.0,18033000.0,172272000.0,8241000.0,-2697000.0,-999000.0,6367000.0,-554000.0,4148000.0
34274233000102,24295,VIBRA ENERGIA S/A,2025-12-31,2025,60963000.0,22913000.0,6838000.0,15319000.0,11771000.0,21981000.0,189075000.0,9218000.0,-3125000.0,-1536000.0,1979000.0,-1068000.0,6666000.0
38456921000136,25747,INFRACOMMERCE CXAAS S.A.,2020-12-31,2020,420902.0,231494.0,99804.0,48880.0,239374.0,65511.0,235933.0,117398.0,-15869.0,-101079.0,-6534.0,-13899.0,38097.0
38456921000136,25747,INFRACOMMERCE CXAAS S.A.,2021-12-31,2021,2761538.0,882799.0,382810.0,148764.0,886641.0,320562.0,422560.0,205007.0,-33299.0,-215669.0,-39068.0,-45286.0,-86388.0
38456921000136,25747,INFRACOMMERCE CXAAS S.A.,2022-12-31,2022,3209582.0,997882.0,431452.0,205131.0,1006037.0,300900.0,891301.0,378875.0,-27782.0,-447621.0,-264939.0,-141203.0,160887.0
38456921000136,25747,INFRACOMMERCE CXAAS S.A.,2023-12-31,2023,3443461.0,1131846.0,495975.0,152572.0,1027165.0,437582.0,1072489.0,455222.0,-21155.0,-466789.0,-294872.0,-162477.0,281757.0
38456921000136,25747,INFRACOMMERCE CXAAS S.A.,2024-12-31,2024,1517558.0,738665.0,450205.0,110466.0,1204311.0,68160.0,1065320.0,309041.0,-72737.0,-1807314.0,-1756143.0,-129492.0,-147324.0
38456921000136,25747,INFRACOMMERCE CXAAS S.A.,2025-12-31,2025,1309190.0,647421.0,328540.0,83390.0,417546.0,374078.0,709955.0,165984.0,-19534.0,-253791.0,-341892.0,-75496.0,29933.0
39346861035038,26530,CENCOSUD BRASIL COMERCIAL S.A.,2020-12-31,2020,6384357.0,1827195.0,136242.0,1791760.0,2217274.0,0.0,8408932.0,1970622.0,-1019994.0,-734495.0,60939.0,-387482.0,719913.0
39346861035038,26530,CENCOSUD BRASIL COMERCIAL S.A.,2021-12-31,2021,6128802.0,1754215.0,71144.0,1623143.0,2300943.0,0.0,8148858.0,1784394.0,-1055934.0,-529852.0,-74783.0,-278327.0,369266.0
39346861035038,26530,CENCOSUD BRASIL COMERCIAL S.A.,2022-12-31,2022,6831112.0,1755819.0,141591.0,1939713.0,2912579.0,290768.0,9198562.0,2001957.0,-1124392.0,-679348.0,-466967.0,-358607.0,1508235.0
39346861035038,26530,CENCOSUD BRASIL COMERCIAL S.A.,2023-12-31,2023,7275127.0,1979247.0,122350.0,2201712.0,3718393.0,250000.0,9981865.0,2072737.0,-1194709.0,-713098.0,-602801.0,-402076.0,466880.0
43948405000169,26506,LUPO S.A.,2020-12-31,2020,969509.0,583606.0,263638.0,269407.0,128144.0,40282.0,732190.0,181893.0,-108806.0,-48875.0,-16967.0,-30789.0,105272.0
43948405000169,26506,LUPO S.A.,2021-12-31,2021,1216393.0,727247.0,316719.0,325683.0,140606.0,84230.0,1328256.0,512676.0,-164834.0,-71213.0,297274.0,-27093.0,126127.0
43948405000169,26506,LUPO S.A.,2022-12-31,2022,1445555.0,892054.0,328590.0,382302.0,173790.0,155729.0,1500570.0,500300.0,-197554.0,-82079.0,210282.0,-38883.0,145298.0
43948405000169,26506,LUPO S.A.,2023-12-31,2023,1550488.0,966123.0,279194.0,413168.0,185952.0,140734.0,1466478.0,428553.0,-200494.0,-80556.0,171362.0,-48251.0,308923.0
43948405000169,26506,LUPO S.A.,2024-12-31,2024,1698091.0,1123152.0,377463.0,410365.0,221780.0,124293.0,1546501.0,483416.0,-221709.0,-88094.0,173362.0,-50701.0,124816.0
43948405000169,26506,LUPO S.A.,2025-12-31,2025,1782336.0,1238018.0,373695.0,412235.0,218167.0,99154.0,1589920.0,479009.0,-235261.0,-102106.0,176516.0,-54805.0,161961.0
45453214000151,20346,PROFARMA DISTRIB PROD FARMACEUTICOS S.A.,2020-12-31,2020,3761067.0,2484144.0,761963.0,392620.0,1543856.0,433636.0,5481341.0,763567.0,0.0,-566995.0,61797.0,-101937.0,39344.0
45453214000151,20346,PROFARMA DISTRIB PROD FARMACEUTICOS S.A.,2021-12-31,2021,4032894.0,2582007.0,831430.0,519020.0,1716886.0,440800.0,6413199.0,907571.0,0.0,-668276.0,79113.0,-125882.0,107576.0
45453214000151,20346,PROFARMA DISTRIB PROD FARMACEUTICOS S.A.,2022-12-31,2022,4364933.0,2980433.0,1043517.0,506997.0,1956323.0,532648.0,7816218.0,1145514.0,0.0,-778609.0,85040.0,-138221.0,126322.0
45453214000151,20346,PROFARMA DISTRIB PROD FARMACEUTICOS S.A.,2023-12-31,2023,4937926.0,3539367.0,1187130.0,535590.0,2446645.0,573628.0,8661744.0,1291969.0,-803516.0,-242835.0,77858.0,-148520.0,260899.0
45453214000151,20346,PROFARMA DISTRIB PROD FARMACEUTICOS S.A.,2024-12-31,2024,5616238.0,4020094.0,1393740.0,674178.0,2989131.0,551180.0,10153623.0,1522838.0,-922095.0,-302884.0,122813.0,-169521.0,497088.0
45453214000151,20346,PROFARMA DISTRIB PROD FARMACEUTICOS S.A.,2025-12-31,2025,6234275.0,4494065.0,1555968.0,824329.0,3484929.0,563531.0,11450521.0,1750434.0,-1023744.0,-345065.0,126013.0,-200164.0,459716.0
47508411000156,14826,CIA BRASILEIRA DE DISTRIBUICAO,2020-12-31,2020,53295000.0,17641000.0,1051000.0,19888000.0,18483000.0,6842000.0,51253000.0,13749000.0,-7755000.0,-1588000.0,2326000.0,-2037000.0,4742000.0
47508411000156,14826,CIA BRASILEIRA DE DISTRIBUICAO,2021-12-31,2021,49443000.0,17872000.0,1125000.0,16344000.0,16550000.0,7582000.0,51291000.0,12950000.0,-7645000.0,-1708000.0,960000.0,-2117000.0,2728000.0
47508411000156,14826,CIA BRASILEIRA DE DISTRIBUICAO,2022-12-31,2022,43839000.0,28559000.0,696000.0,6844000.0,17747000.0,4862000.0,17321000.0,4302000.0,-2699000.0,-598000.0,-4000.0,-1026000.0,-216000.0
47508411000156,14826,CIA BRASILEIRA DE DISTRIBUICAO,2023-12-31,2023,22050000.0,7523000.0,573000.0,6577000.0,6225000.0,4302000.0,19250000.0,4817000.0,-3104000.0,-574000.0,-2134000.0,-1133000.0,563000.0
47508411000156,14826,CIA BRASILEIRA DE DISTRIBUICAO,2024-12-31,2024,19703000.0,6116000.0,455000.0,6146000.0,6356000.0,3196000.0,18790000.0,5172000.0,-3040000.0,-648000.0,-2403000.0,-1161000.0,1363000.0
47508411000156,14826,CIA BRASILEIRA DE DISTRIBUICAO,2025-12-31,2025,18426000.0,5860000.0,355000.0,6136000.0,7084000.0,2402000.0,19113000.0,5268000.0,-3079000.0,-605000.0,-815000.0,-1150000.0,1352000.0
47960950000121,22470,MAGAZINE LUIZA S.A.,2020-12-31,2020,24647203.0,16798810.0,4761899.0,3723676.0,13416145.0,19581.0,29177113.0,7519962.0,-5162618.0,-1609322.0,391709.0,-702523.0,2603882.0
47960950000121,22470,MAGAZINE LUIZA S.A.,2021-12-31,2021,38384616.0,24509810.0,5650759.0,5301711.0,15257189.0,6384904.0,35278150.0,8486805.0,-6374429.0,-1848618.0,590661.0,-816964.0,-4364476.0
47960950000121,22470,MAGAZINE LUIZA S.A.,2022-12-31,2022,37765845.0,21938136.0,6760270.0,5466976.0,14832925.0,6984460.0,37299002.0,10438896.0,-6741109.0,-2533822.0,-498975.0,-1163624.0,3064122.0
47960950000121,22470,MAGAZINE LUIZA S.A.,2023-12-31,2023,37455067.0,20221163.0,5885450.0,5184576.0,17408127.0,4400508.0,36768149.0,10163883.0,-7002066.0,-2577894.0,-979104.0,-1242690.0,3354622.0
47960950000121,22470,MAGAZINE LUIZA S.A.,2024-12-31,2024,37311858.0,19550824.0,5833528.0,5070097.0,16710550.0,3179992.0,38038068.0,11627256.0,-7131584.0,-2707003.0,448717.0,-1333288.0,15835331.0
47960950000121,22470,MAGAZINE LUIZA S.A.,2025-12-31,2025,37911158.0,19839054.0,5608982.0,5115281.0,17182792.0,3946177.0,38703387.0,11554551.0,-7375871.0,-2677056.0,204603.0,-1284787.0,15719373.0
51218147000193,20494,IGUATEMI EMPRESA DE SHOPPING CENTERS S.A,2020-12-31,2020,6860690.0,1814998.0,205370.0,31109.0,779748.0,2792561.0,675576.0,400315.0,0.0,-83901.0,202324.0,-149000.0,138333.0
51218147000193,20494,IGUATEMI EMPRESA DE SHOPPING CENTERS S.A,2021-12-31,2021,7137812.0,2125968.0,266812.0,47468.0,417882.0,3017129.0,856637.0,487451.0,0.0,-108809.0,344083.0,-155384.0,244588.0
51218147000193,20494,IGUATEMI EMPRESA DE SHOPPING CENTERS S.A,2022-12-31,2022,6312386.0,1415341.0,260266.0,45318.0,1013794.0,2158946.0,996137.0,577608.0,0.0,-131470.0,-19216.0,-157161.0,225608.0
51218147000193,20494,IGUATEMI EMPRESA DE SHOPPING CENTERS S.A,2023-12-31,2023,6144507.0,1497552.0,223880.0,45213.0,853210.0,1540156.0,1039215.0,663703.0,0.0,-122480.0,310946.0,-159662.0,407583.0
51218147000193,20494,IGUATEMI EMPRESA DE SHOPPING CENTERS S.A,2024-12-31,2024,6466894.0,1759518.0,331117.0,35603.0,454985.0,2070030.0,1064876.0,686811.0,0.0,-139901.0,370706.0,-170657.0,426583.0
51218147000193,20494,IGUATEMI EMPRESA DE SHOPPING CENTERS S.A,2025-12-31,2025,7628423.0,2002364.0,445473.0,53575.0,798254.0,2507721.0,1188409.0,850369.0,0.0,-156324.0,569684.0,-99700.0,325442.0
53153938000108,27766,UNIÃO PET PARTICIPAÇÕES S.A.,2023-12-31,2023,2298927.0,755357.0,256017.0,1346076.0,668857.0,0.0,2582827.0,1128674.0,-795183.0,-205036.0,58740.0,-199966.0,310133.0
53153938000108,27766,UNIÃO PET PARTICIPAÇÕES S.A.,2024-12-31,2024,2454914.0,940063.0,253281.0,1353193.0,718728.0,0.0,2737927.0,1175709.0,-856685.0,-246434.0,116793.0,-225911.0,377320.0
53153938000108,27766,UNIÃO PET PARTICIPAÇÕES S.A.,2025-12-31,2025,2723337.0,1169961.0,275264.0,1392233.0,837280.0,0.0,3013799.0,1361214.0,-883819.0,-261122.0,109339.0,-254521.0,532656.0
60500139000126,10472,SARAIVA LIVREIROS S.A. - EM RECUPERAÇÃO JUDICIAL,2020-12-31,2020,333193.0,145597.0,14860.0,113614.0,213849.0,223861.0,246325.0,76091.0,-113147.0,-63453.0,-419628.0,-46048.0,3935.0
60500139000126,10472,SARAIVA LIVREIROS S.A. - EM RECUPERAÇÃO JUDICIAL,2021-12-31,2021,246655.0,84018.0,5555.0,80569.0,169258.0,213325.0,88883.0,35346.0,-49418.0,-32511.0,46199.0,-20974.0,-19986.0
60500139000126,10472,SARAIVA LIVREIROS S.A. - EM RECUPERAÇÃO JUDICIAL,2022-12-31,2022,107602.0,30914.0,7277.0,44260.0,147065.0,38728.0,86582.0,37335.0,-52721.0,-58788.0,115773.0,-15944.0,18468.0
61189288000189,22055,MARISA LOJAS S.A.,2020-12-31,2020,3367654.0,1787275.0,705175.0,133326.0,1463232.0,740827.0,2139417.0,798213.0,-559702.0,-217271.0,-432196.0,-298404.0,129877.0
61189288000189,22055,MARISA LOJAS S.A.,2021-12-31,2021,3423185.0,1777308.0,860755.0,113188.0,1430192.0,811615.0,2525448.0,1181087.0,-648276.0,-230536.0,-71754.0,-276204.0,4457.0
61189288000189,22055,MARISA LOJAS S.A.,2022-12-31,2022,3104952.0,1572060.0,617050.0,86041.0,1441183.0,879547.0,2749921.0,1061228.0,-688585.0,-240442.0,-519382.0,-267725.0,495970.0
61189288000189,22055,MARISA LOJAS S.A.,2023-12-31,2023,2453893.0,961733.0,67519.0,68540.0,1626523.0,473312.0,1646097.0,809456.0,-553415.0,-252494.0,-520753.0,-206917.0,337613.0
61189288000189,22055,MARISA LOJAS S.A.,2024-12-31,2024,1904258.0,576502.0,29793.0,56770.0,884880.0,412803.0,1392169.0,683548.0,-446351.0,-176951.0,-315784.0,-166383.0,-80729.0
61189288000189,22055,MARISA LOJAS S.A.,2025-12-31,2025,2056813.0,565173.0,58595.0,43671.0,925935.0,508055.0,1483225.0,785458.0,-448450.0,-161649.0,-59982.0,-169723.0,-10134.0
61585865000151,5258,RAIA DROGASIL S.A.,2020-12-31,2020,13828088.0,7020490.0,1816456.0,5020465.0,4801303.0,1122250.0,20066840.0,5891132.0,-4256422.0,-679320.0,495533.0,-1148827.0,1477238.0
61585865000151,5258,RAIA DROGASIL S.A.,2021-12-31,2021,14775506.0,7718924.0,2000871.0,5329587.0,5896193.0,891391.0,24127002.0,7206168.0,-4966819.0,-912404.0,764133.0,-1292372.0,1550545.0
61585865000151,5258,RAIA DROGASIL S.A.,2022-12-31,2022,17185306.0,9577068.0,2562521.0,5574857.0,6367168.0,2131548.0,29067380.0,8809468.0,-5805992.0,-1249847.0,1014968.0,-1473204.0,1682255.0
61585865000151,5258,RAIA DROGASIL S.A.,2023-12-31,2023,20094412.0,11561674.0,3499670.0,5937687.0,8079497.0,2526102.0,33973790.0,10207364.0,-6689275.0,-1503526.0,1087143.0,-1661347.0,1785327.0
61585865000151,5258,RAIA DROGASIL S.A.,2024-12-31,2024,22163756.0,12703710.0,3153458.0,6569649.0,9194959.0,2656820.0,38871522.0,11556781.0,-7627819.0,-1570628.0,1211373.0,-1801431.0,2771263.0
61585865000151,5258,RAIA DROGASIL S.A.,2025-12-31,2025,25170475.0,14904448.0,4136996.0,7278928.0,10193900.0,3359618.0,44250449.0,12964888.0,-8719372.0,-1570393.0,1300243.0,-2013044.0,2430654.0
79430682000122,25429,FARMÁCIA E DROGARIA NISSEI S.A.,2020-12-31,2020,1000009.0,514014.0,100149.0,226030.0,675151.0,263305.0,1613151.0,552786.0,-406359.0,-71036.0,-6506.0,-79151.0,53499.0
79430682000122,25429,FARMÁCIA E DROGARIA NISSEI S.A.,2021-12-31,2021,1083363.0,735624.0,121437.0,237752.0,582696.0,422345.0,1860022.0,640192.0,-455871.0,-82448.0,19944.0,-84757.0,96884.0
79430682000122,25429,FARMÁCIA E DROGARIA NISSEI S.A.,2022-12-31,2022,1209106.0,800703.0,172124.0,258595.0,623427.0,500981.0,2207011.0,750293.0,-509779.0,-96973.0,12389.0,-93008.0,55982.0
79430682000122,25429,FARMÁCIA E DROGARIA NISSEI S.A.,2023-12-31,2023,1668841.0,983960.0,199327.0,317856.0,681266.0,730850.0,2549996.0,853789.0,-564494.0,-100360.0,8658.0,-98090.0,-27724.0
79430682000122,25429,FARMÁCIA E DROGARIA NISSEI S.A.,2024-12-31,2024,1941091.0,977963.0,191110.0,567235.0,847511.0,704987.0,3011579.0,953208.0,-702694.0,-100322.0,-39404.0,-104613.0,80298.0
79430682000122,25429,FARMÁCIA E DROGARIA NISSEI S.A.,2025-12-31,2025,1998951.0,1108485.0,165548.0,557552.0,965455.0,716216.0,3484182.0,1131352.0,-827699.0,-117891.0,-47490.0,-140659.0,49965.0
82901000000127,25453,INTELBRAS S.A. IND. DE TELECOMUNICAÇÃO ELETRÔNICA BRASILEIRA,2020-12-31,2020,2442150.0,2043202.0,531690.0,257453.0,1081371.0,349952.0,2134376.0,700834.0,-260663.0,-142334.0,327956.0,-23411.0,238330.0
82901000000127,25453,INTELBRAS S.A. IND. DE TELECOMUNICAÇÃO ELETRÔNICA BRASILEIRA,2021-12-31,2021,3555796.0,2955288.0,634869.0,380928.0,1268018.0,312656.0,3087172.0,909276.0,-356114.0,-182955.0,363509.0,-40622.0,-42124.0
82901000000127,25453,INTELBRAS S.A. IND. DE TELECOMUNICAÇÃO ELETRÔNICA BRASILEIRA,2022-12-31,2022,4987382.0,3821998.0,809169.0,522259.0,1746489.0,851111.0,4232623.0,1201529.0,-511276.0,-225021.0,479248.0,-69648.0,626016.0
82901000000127,25453,INTELBRAS S.A. IND. DE TELECOMUNICAÇÃO ELETRÔNICA BRASILEIRA,2023-12-31,2023,4888285.0,3613750.0,950998.0,617996.0,1366286.0,801675.0,4103676.0,1277007.0,-560321.0,-238140.0,545558.0,-79240.0,548888.0
82901000000127,25453,INTELBRAS S.A. IND. DE TELECOMUNICAÇÃO ELETRÔNICA BRASILEIRA,2024-12-31,2024,5569521.0,4076783.0,1213341.0,703527.0,1796371.0,723630.0,4756146.0,1462629.0,-644734.0,-259342.0,528412.0,-97834.0,105173.0
82901000000127,25453,INTELBRAS S.A. IND. DE TELECOMUNICAÇÃO ELETRÔNICA BRASILEIRA,2025-12-31,2025,5325682.0,3866307.0,1149218.0,697922.0,1598740.0,628151.0,4460379.0,1342581.0,-603887.0,-257488.0,483733.0,-116625.0,920024.0
92012467000170,4537,GRAZZIOTIN S.A.,2021-12-31,2021,1084724.0,528449.0,296968.0,299212.0,222391.0,0.0,613658.0,327832.0,-145617.0,-62159.0,174776.0,-15991.0,-36029.0
92012467000170,4537,GRAZZIOTIN S.A.,2022-12-31,2022,1171754.0,522135.0,259136.0,359178.0,213109.0,0.0,682351.0,371816.0,-182661.0,-74084.0,119071.0,-22502.0,229308.0
92012467000170,4537,GRAZZIOTIN S.A.,2023-12-31,2023,1274618.0,570025.0,248667.0,386385.0,249976.0,0.0,676829.0,351560.0,-209337.0,-68377.0,95652.0,-29358.0,152965.0
92012467000170,4537,GRAZZIOTIN S.A.,2024-12-31,2024,1353420.0,628497.0,258165.0,411340.0,254268.0,0.0,728592.0,384966.0,-222634.0,-69642.0,104649.0,-28012.0,155134.0
92012467000170,4537,GRAZZIOTIN S.A.,2025-12-31,2025,1263495.0,540501.0,224835.0,401480.0,239165.0,0.0,744815.0,399594.0,-231590.0,-74723.0,83855.0,-33414.0,148073.0
92665611000177,9342,DIMED S.A. DISTRIBUIDORA DE MEDICAMENTOS,2020-12-31,2020,2194373.0,1376502.0,351565.0,723688.0,677724.0,491590.0,2819110.0,823695.0,-661599.0,-74100.0,56151.0,-117729.0,130983.0
92665611000177,9342,DIMED S.A. DISTRIBUIDORA DE MEDICAMENTOS,2021-12-31,2021,2381060.0,1395084.0,399456.0,874106.0,814974.0,501790.0,3225408.0,988599.0,-826441.0,-95179.0,79426.0,-157940.0,131178.0
92665611000177,9342,DIMED S.A. DISTRIBUIDORA DE MEDICAMENTOS,2022-12-31,2022,2733126.0,1558547.0,464731.0,1034437.0,1008234.0,601052.0,3990475.0,1242538.0,-1009353.0,-109750.0,86345.0,-184568.0,205480.0
92665611000177,9342,DIMED S.A. DISTRIBUIDORA DE MEDICAMENTOS,2023-12-31,2023,3077470.0,1840064.0,560353.0,1080794.0,1134412.0,755791.0,4461017.0,1377208.0,-1102691.0,-132908.0,92905.0,-200154.0,296621.0
92665611000177,9342,DIMED S.A. DISTRIBUIDORA DE MEDICAMENTOS,2024-12-31,2024,3377453.0,2012581.0,578004.0,1174066.0,1184660.0,943077.0,4942462.0,1571266.0,-1234979.0,-159860.0,105509.0,-210164.0,224449.0
92665611000177,9342,DIMED S.A. DISTRIBUIDORA DE MEDICAMENTOS,2025-12-31,2025,3830510.0,2297587.0,672045.0,1335365.0,1320670.0,1177561.0,5512118.0,1784518.0,-1364776.0,-183483.0,124605.0,-232540.0,473100.0
92754738000162,8133,LOJAS RENNER S.A.,2020-12-31,2020,14642583.0,8896766.0,3811668.0,3854298.0,5633411.0,1966508.0,7537180.0,4313610.0,-2468018.0,-885233.0,1096269.0,-791036.0,608379.0
92754738000162,8133,LOJAS RENNER S.A.,2021-12-31,2021,21411985.0,13984780.0,5412881.0,5085047.0,7954100.0,1381128.0,10571556.0,6172378.0,-3204715.0,-1181073.0,633112.0,-916070.0,1215600.0
92754738000162,8133,LOJAS RENNER S.A.,2022-12-31,2022,21148892.0,13053770.0,6524832.0,5440289.0,7005579.0,1701200.0,13271137.0,7984814.0,-3563412.0,-1535798.0,1291704.0,-1041025.0,1536237.0
92754738000162,8133,LOJAS RENNER S.A.,2023-12-31,2023,20490638.0,12191644.0,6639188.0,5286353.0,7492553.0,836169.0,13647849.0,8220602.0,-3658154.0,-1726176.0,976259.0,-1098363.0,2663364.0
92754738000162,8133,LOJAS RENNER S.A.,2024-12-31,2024,20364590.0,12316659.0,6902933.0,5152988.0,7647557.0,13740.0,14436366.0,8741949.0,-3881212.0,-1847770.0,1196668.0,-1244254.0,2487007.0
92754738000162,8133,LOJAS RENNER S.A.,2025-12-31,2025,19626027.0,11633757.0,7175248.0,5005784.0,6866734.0,358788.0,15829460.0,9767882.0,-4132724.0,-2010546.0,1457566.0,-1290958.0,2801957.0
96418264021802,25038,LOJAS QUERO QUERO S.A.,2020-12-31,2020,2218692.0,1602379.0,646336.0,399608.0,977080.0,207835.0,1621164.0,669803.0,-346436.0,-151780.0,67866.0,-61243.0,43209.0
96418264021802,25038,LOJAS QUERO QUERO S.A.,2021-12-31,2021,2692070.0,1823057.0,833144.0,587631.0,1126606.0,158314.0,2033606.0,793943.0,-429187.0,-188390.0,68227.0,-82340.0,139853.0
96418264021802,25038,LOJAS QUERO QUERO S.A.,2022-12-31,2022,3031361.0,2032988.0,911714.0,679384.0,1074985.0,348944.0,2312668.0,769121.0,-474736.0,-213481.0,-18703.0,-106318.0,236313.0
96418264021802,25038,LOJAS QUERO QUERO S.A.,2023-12-31,2023,3305723.0,2218074.0,1059229.0,657131.0,1307156.0,390008.0,2398127.0,826012.0,-535301.0,-242017.0,19679.0,-124941.0,166481.0
96418264021802,25038,LOJAS QUERO QUERO S.A.,2024-12-31,2024,3702247.0,2639842.0,1251981.0,647127.0,1694929.0,338390.0,2666330.0,928137.0,-581238.0,-267760.0,146.0,-131277.0,323646.0
96418264021802,25038,LOJAS QUERO QUERO S.A.,2025-12-31,2025,3771234.0,2773364.0,1477665.0,614628.0,1727801.0,486858.0,2788412.0,904311.0,-616620.0,-276333.0,-161941.0,-138303.0,158389.0
