CNPJ,CVM,DENOM_CIA,DT_REFER,ANO_REFER,DSRI,GMI,AQI,SGI,DEPI,SGAI,LVGI,TATA,MSCORE,COMPANHIA_ANO,percentil_consensual,posicao,top_3,top_5,top_10,componentes_predominantes
04626426000106,27774,BTG PACTUAL COMMODITIES SERTRADING S.A.,2025-12-31,2025,3.633219765735447,0.8080100528789828,7.789881886346699,0.8147712901677425,18.18156250805441,2.241678312509481,1.6648555519263075,0.1033426024486876,4.4475230553625416,BTG PACTUAL COMMODITIES SERTRADING S.A. (2025),0.9989304812834224,1,True,True,True,DEPI; AQI; SGAI
18483666000103,25933,HUMBERG AGRIBRASIL COMÉRCIO E EXPORTAÇÃO DE GRÃOS S.A.,2022-12-31,2022,0.4210174152946219,-2.250602873507067,7.850473445741694,1.8285615783259015,0.4145856734602182,5.312218382910447,0.8144207894847889,0.0726893871842764,-1.630540260133298,HUMBERG AGRIBRASIL COMÉRCIO E EXPORTAÇÃO DE GRÃOS S.A. (2022),0.9957219251336893,2,True,True,True,SGAI; GMI; AQI
21240146000184,25658,AGROGALAXY PARTICIPAÇÕES S.A. - EM RECUPERAÇÃO JUDICIAL,2024-12-31,2024,0.6051739570790208,-7.702094235049379,1.807284518100404,0.4907245335083289,0.8317296944721446,4.264104355756691,1.785387145917292,-0.7700961948311527,-12.006955213047153,AGROGALAXY PARTICIPAÇÕES S.A. - EM RECUPERAÇÃO JUDICIAL (2024),0.9893048128342251,3,True,True,True,SGAI; GMI; LVGI
38456921000136,25747,INFRACOMMERCE CXAAS S.A.,2024-12-31,2024,0.9138255447718228,1.4631686116677562,0.7024939079334928,0.9933155491571476,0.9556658807573496,3.878934217884228,1.971220224627127,-1.0601367460090487,-8.219126420414444,INFRACOMMERCE CXAAS S.A. (2024),0.9823529411764708,4,True,True,True,SGAI; LVGI; TATA
18483666000103,25933,HUMBERG AGRIBRASIL COMÉRCIO E EXPORTAÇÃO DE GRÃOS S.A.,2021-12-31,2021,70.79102357782388,2.3381494943100884,1.2226059842492116,1.5963696562611918,2.096716180741584,0.6470804868353013,1.0913423441822596,0.2561539211476671,64.41167894316732,HUMBERG AGRIBRASIL COMÉRCIO E EXPORTAÇÃO DE GRÃOS S.A. (2021),0.9802139037433154,5,True,True,True,DSRI; DEPI; GMI
31553627000101,25461,GRUPO TOKY S.A.,2021-12-31,2021,4.37086203033766,1.0065186374581616,0.8549846433573293,1.196128369023636,1.6710909358206831,1.17993097424363,0.3356764405472757,0.2550280819867893,2.197732739180703,GRUPO TOKY S.A. (2021),0.9726203208556157,6,True,True,True,DSRI; DEPI; LVGI
18483666000103,25933,HUMBERG AGRIBRASIL COMÉRCIO E EXPORTAÇÃO DE GRÃOS S.A.,2023-12-31,2023,1.2700416382196986,-0.2225323884496918,1.2901679820286176,0.5239798699443566,1.4033381234423334,0.4722310004844113,0.8702022766723202,-0.1952925189333949,-3.918610573658041,HUMBERG AGRIBRASIL COMÉRCIO E EXPORTAÇÃO DE GRÃOS S.A. (2023),0.9662032085561499,7,False,True,True,GMI; SGAI; DEPI
00776574000156,20990,AMERICANAS S.A. - EM RECUPERAÇÃO JUDICIAL,2021-12-31,2021,1.7033073383117563,0.953834525229606,1.2129742763730245,2.2417110950464263,3.403348841323996,1.0142701958891005,0.9875478339918908,0.0307610185105568,-0.2417514080409562,AMERICANAS S.A. - EM RECUPERAÇÃO JUDICIAL (2021),0.9647058823529407,8,False,True,True,DEPI; SGI; DSRI
16922038000151,25259,ENJOEI S.A.,2025-12-31,2025,3.5451754254463563,1.005241718126885,0.599065712488867,0.9952605562907916,0.8916334325663046,0.9499170894458542,1.8372550215283103,-0.0877893039127578,-0.990272457048582,ENJOEI S.A. (2025),0.954652406417113,9,False,True,True,DSRI; LVGI; AQI
00776574000156,20990,AMERICANAS S.A. - EM RECUPERAÇÃO JUDICIAL,2022-12-31,2022,0.6850385281842323,1.530595651281192,0.5709564997878459,1.1371635559452888,0.878905672577426,1.3789444715364896,2.885202772228161,-0.2142369710592971,-4.238574123239481,AMERICANAS S.A. - EM RECUPERAÇÃO JUDICIAL (2022),0.9536898395721933,10,False,True,True,LVGI; GMI; SGAI
16233389000155,25542,CVLB BRASIL S.A EM RECUPERAÇÃO JUDICAL,2023-12-31,2023,0.5051335164076938,1.158500446610268,1.22342607004071,2.690265053283908,1.023363214730196,2.2224722801831365,0.908071926960196,-0.1269506842278308,-2.025128603384539,CVLB BRASIL S.A EM RECUPERAÇÃO JUDICAL (2023),0.942780748663101,11,False,False,True,SGAI; SGI; GMI
31553627000101,25461,GRUPO TOKY S.A. - EM RECUPERAÇÃO JUDICIAL,2024-12-31,2024,0.9053296046707316,0.9400177105454132,1.9184065162436568,1.4968280855586555,1.6566234518412224,0.9158285195869992,1.9334720584605103,-0.0556743790324486,-2.260317118670828,GRUPO TOKY S.A. - EM RECUPERAÇÃO JUDICIAL (2024),0.938502673796791,12,False,False,True,LVGI; DEPI; AQI
38456921000136,25747,INFRACOMMERCE CXAAS S.A.,2021-12-31,2021,2.141586560444158,1.0256323289882747,1.8763200848449664,1.79101694125027,0.948678036808761,1.1886419066214888,0.6034957467052446,0.0171353789084198,-0.1851011737789646,INFRACOMMERCE CXAAS S.A. (2021),0.9359358288770052,13,False,False,True,DSRI; AQI; LVGI
60500139000126,10472,SARAIVA LIVREIROS S.A. - EM RECUPERAÇÃO JUDICIAL,2021-12-31,2021,1.0359887532824958,0.7767892946818429,1.4984895799336797,0.3608362935146655,1.3962974135774957,1.2856914081217563,1.1807151746663336,0.2683302588635949,-1.7406311358084623,SARAIVA LIVREIROS S.A. - EM RECUPERAÇÃO JUDICIAL (2021),0.9300534759358287,14,False,False,True,TATA; DEPI; SGI
05917486000140,25895,LIVETECH DA BAHIA INDÚSTRIA E COMÉRCIO S.A.,2025-12-31,2025,0.7171734437538355,0.950961557578766,0.9757662162324932,1.0405379761565186,0.8032773253716823,4.270573402796275,1.1731033528810375,-0.2821794845895369,-4.701807640905098,LIVETECH DA BAHIA INDÚSTRIA E COMÉRCIO S.A. (2025),0.9298395721925131,15,False,False,True,SGAI; TATA; LVGI
12420164000157,25682,CM HOSPITALAR S.A,2022-12-31,2022,1.2186110332360982,1.105015382612951,1.24839290079275,1.4064753112317103,4.411791997863303,0.913827519810295,1.1309160728895222,-0.0285594914611704,-1.5297646878989757,CM HOSPITALAR S.A (2022),0.9167914438502673,16,False,False,True,DEPI; SGI; GMI
16233389000155,25542,CVLB BRASIL S.A EM RECUPERAÇÃO JUDICAL,2025-12-31,2025,2.9193367774392414,1.0405310240394996,0.8173608857385781,0.93562869155982,0.8851771327650763,1.1722999732976038,1.3237575672719728,-0.3475104027158848,-2.598725317298061,CVLB BRASIL S.A EM RECUPERAÇÃO JUDICAL (2025),0.9111229946524066,17,False,False,True,DSRI; TATA; LVGI
05917486000140,25895,LIVETECH DA BAHIA INDÚSTRIA E COMÉRCIO S.A.,2024-12-31,2024,1.5515298471321417,0.8100334811842321,0.9930034365947228,0.930237799442,0.9488612677403108,2.0413831777775107,1.712448315471548,-0.0697715803179118,-2.882380041340925,LIVETECH DA BAHIA INDÚSTRIA E COMÉRCIO S.A. (2024),0.9111229946524061,18,False,False,True,SGAI; LVGI; DSRI
09813204000116,25852,W2W E-COMMERCE DE VINHOS S.A.,2021-12-31,2021,0.709287157574297,0.9861306402574448,3.858730439936907,1.6354628101354145,0.9100506075339536,0.8913395210639624,1.0668443431208947,-0.035363334994336,-1.2119966349960434,W2W E-COMMERCE DE VINHOS S.A. (2021),0.904598930481283,19,False,False,True,AQI; SGI; DSRI
38456921000136,25747,INFRACOMMERCE CXAAS S.A.,2025-12-31,2025,1.0950329742410227,1.240796660243098,1.0030005033946348,0.6664241730184358,1.1357150861048877,0.2181518923214923,0.7211301908574358,-0.2840114880193096,-3.649380676815992,INFRACOMMERCE CXAAS S.A. (2025),0.8939037433155083,20,False,False,False,SGAI; GMI; LVGI
61189288000189,22055,MARISA LOJAS S.A.,2023-12-31,2023,0.1827975787473688,0.7847849382917926,1.2450005429688038,0.5985979233585256,1.0074661805202096,1.4491804412950846,1.1448796154451537,-0.3497976480637094,-5.365009467822745,MARISA LOJAS S.A. (2023),0.89379679144385,21,False,False,False,SGAI; TATA; GMI
00776574000156,20990,AMERICANAS S.A. - EM RECUPERAÇÃO JUDICIAL,2024-12-31,2024,0.7858080468231616,0.9040683698891095,0.7875329372714388,0.9603132110828536,1.1042806627601536,0.8135277592020154,0.1926685581062829,0.6772401946750645,0.6279239473408689,AMERICANAS S.A. - EM RECUPERAÇÃO JUDICIAL (2024),0.8841711229946526,22,False,False,False,LVGI; TATA; SGAI
05917486000140,25895,LIVETECH DA BAHIA INDÚSTRIA E COMÉRCIO S.A.,2023-12-31,2023,1.3358424033687286,1.1064335927503908,1.816479204568364,0.841080207861575,0.8557420257330896,0.7219216332637656,0.569485985693555,-0.1594441007766891,-2.500747960688402,LIVETECH DA BAHIA INDÚSTRIA E COMÉRCIO S.A. (2023),0.8729411764705882,23,False,False,False,LVGI; AQI; SGAI
00776574000156,20990,AMERICANAS S.A. - EM RECUPERAÇÃO JUDICIAL,2023-12-31,2023,0.7515625020258782,0.6676885435464636,1.9303416759151204,0.5789474377565635,0.9250646656257304,1.39758469784313,1.1387108542302775,-0.0747556702931956,-3.3558861577123187,AMERICANAS S.A. - EM RECUPERAÇÃO JUDICIAL (2023),0.8691978609625671,24,False,False,False,GMI; AQI; SGAI
08764621000153,21008,GENERAL SHOPPING E OUTLETS DO BRASIL BRASIL S.A.,2024-12-31,2024,0.8291394648843246,1.0219342908639168,1.0631611618364485,1.1231122477552316,0.9992151088238151,0.9122792840584746,1.5835366915275462,-0.6613579590033096,-5.760589839999994,GENERAL SHOPPING E OUTLETS DO BRASIL BRASIL S.A. (2024),0.8682352941176468,25,False,False,False,TATA; LVGI; SGAI
43948405000169,26506,LUPO S.A.,2021-12-31,2021,0.6622288790557523,0.6436221651237336,1.118372254582939,1.8140865076004864,1.3354653278980757,0.8252036237264694,1.0639829007126145,0.1407004150796658,-1.498871049400177,LUPO S.A. (2021),0.8654545454545454,26,False,False,False,GMI; SGI; DEPI
31553627000101,25461,GRUPO TOKY S.A. - EM RECUPERAÇÃO JUDICIAL,2025-12-31,2025,0.4318115269942667,0.8792474860043377,1.188954619847438,1.7813539744353095,0.4837180855422309,0.9739158698390474,1.3184207582518497,-0.1454653893709398,-3.132827405530265,GRUPO TOKY S.A. - EM RECUPERAÇÃO JUDICIAL (2025),0.864812834224599,27,False,False,False,DEPI; SGI; LVGI
18483666000103,25933,HUMBERG AGRIBRASIL COMÉRCIO E EXPORTAÇÃO DE GRÃOS S.A.,2024-12-31,2024,0.8804260430979622,0.5656945564505144,0.8287389584778532,1.0474361657697333,0.4042410432311948,0.3922235658539081,1.0891892318569154,-0.1615049017613798,-3.5950187629663413,HUMBERG AGRIBRASIL COMÉRCIO E EXPORTAÇÃO DE GRÃOS S.A. (2024),0.8581818181818184,28,False,False,False,GMI; SGAI; DEPI
20247322000147,25330,ALLIED TECNOLOGIA S.A.,2023-12-31,2023,0.5847661094269975,1.3005331787071956,1.099873622628963,1.1418028578053547,0.9355030828520882,0.7565247844081076,0.8952597533671177,-0.5854937538117488,-5.207311190091709,ALLIED TECNOLOGIA S.A. (2023),0.85668449197861,29,False,False,False,TATA; GMI; SGAI
38456921000136,25747,INFRACOMMERCE CXAAS S.A.,2022-12-31,2022,0.5343344834508028,1.1413234773364866,0.9979684675022664,2.1092886217341915,0.572402497672834,0.905278857136096,0.9314872079670704,-0.132673351233899,-2.47638537135746,INFRACOMMERCE CXAAS S.A. (2022),0.8497326203208556,30,False,False,False,SGI; DEPI; GMI
21240146000184,25658,AGROGALAXY PARTICIPAÇÕES S.A. - EM RECUPERAÇÃO JUDICIAL,2021-12-31,2021,0.6027952101594626,0.910567142310602,0.8154177042497224,2.501272564453033,0.618606839830126,0.9582310132591144,1.0304658322791358,0.0128091738488038,-1.6147892259211307,AGROGALAXY PARTICIPAÇÕES S.A. - EM RECUPERAÇÃO JUDICIAL (2021),0.8440641711229949,31,False,False,False,SGI; DEPI; DSRI
33453598000123,25917,RAÍZEN S.A.,2022-03-31,2022,1.2020677113262783,0.791969162386728,0.6484017737026778,2.139117695402301,0.7480842189063592,0.993549061895499,1.0637860912050403,-0.1062780080559398,-2.075884291954482,RAÍZEN S.A. (2022),0.840855614973262,32,False,False,False,SGI; GMI; AQI
16922038000151,25259,ENJOEI S.A.,2023-12-31,2023,0.6985112463857498,0.7038142882283546,1.734149203397069,1.4006738612393,0.8860855598812263,0.847596237523754,1.4810180843281695,-0.1039160784959623,-2.890161305068331,ENJOEI S.A. (2023),0.8306951871657752,33,False,False,False,LVGI; GMI; AQI
47508411000156,14826,CIA BRASILEIRA DE DISTRIBUICAO,2022-12-31,2022,1.8319976906645112,1.016555647998978,0.6248365106137506,0.3377005712503168,0.8796157707946144,1.0438454860487945,1.05665256665792,0.0048358767307648,-2.465441814634854,CIA BRASILEIRA DE DISTRIBUICAO (2022),0.8242780748663101,34,False,False,False,DSRI; SGI; AQI
60500139000126,10472,SARAIVA LIVREIROS S.A. - EM RECUPERAÇÃO JUDICIAL,2022-12-31,2022,1.3448052709916298,0.9222167935278986,0.905765749885995,0.9741120349223136,0.7799366611123134,1.397215381873398,1.113200157060183,0.904304752699764,1.8355857712688823,SARAIVA LIVREIROS S.A. - EM RECUPERAÇÃO JUDICIAL (2022),0.8186096256684487,35,False,False,False,TATA; SGAI; DSRI
20247322000147,25330,ALLIED TECNOLOGIA S.A.,2022-12-31,2022,1.1390522245926855,0.93431773506385,1.1839907787132278,0.8935700117085673,0.843766740812949,1.2350049352433292,0.8942712988420538,-0.5487711553928717,-4.998870088689792,ALLIED TECNOLOGIA S.A. (2022),0.8063101604278075,36,False,False,False,TATA; SGAI; LVGI
06626253000151,22608,EMPREENDIMENTOS PAGUE MENOS S.A.,2024-12-31,2024,0.9554686079011604,0.9937307081929144,0.4683556605821967,1.128520560658061,2.223931833082962,0.967554723564909,0.996133182306964,-0.0313155110452881,-2.62335111826678,EMPREENDIMENTOS PAGUE MENOS S.A. (2024),0.8039572192513369,37,False,False,False,DEPI; AQI; SGAI
13217485000111,24694,GRUPO SBF S.A.,2021-12-31,2021,0.6363997898378835,0.948140564324072,1.2438416973162332,2.123287449264873,0.824730973272753,0.8158136159689932,1.0262260338753688,0.0126985379679988,-1.679044858871291,GRUPO SBF S.A. (2021),0.7993582887700533,38,False,False,False,SGI; SGAI; DSRI
05917486000140,25895,LIVETECH DA BAHIA INDÚSTRIA E COMÉRCIO S.A.,2022-12-31,2022,1.1919998205618585,1.19542394180411,1.3221929670823522,1.0040531342175285,0.8984302510822693,0.6251041444636046,0.6497014332404176,0.0205593354908359,-1.8028486412684888,LIVETECH DA BAHIA INDÚSTRIA E COMÉRCIO S.A. (2022),0.7989304812834225,39,False,False,False,SGAI; LVGI; GMI
04972092000122,26166,GRUPO FARTURA DE HORTIFRUT S.A.,2023-12-31,2023,1.068660308524189,0.9894601118964615,2.687889736050117,1.1355116513604442,0.9399947855977948,0.9876221123580324,0.8195770445321573,0.0532291863671809,-1.316327664230461,GRUPO FARTURA DE HORTIFRUT S.A. (2023),0.7988235294117648,40,False,False,False,AQI; LVGI; TATA
16922038000151,25259,ENJOEI S.A.,2022-12-31,2022,0.9920800422108448,0.7466372293029198,1.6765189000820149,1.3086583757301675,0.7193375982519067,0.6819161760688264,1.1942897753494297,-0.0763670895480803,-2.4708451243292373,ENJOEI S.A. (2022),0.7924064171122999,41,False,False,False,GMI; SGAI; AQI
05917486000140,25895,LIVETECH DA BAHIA INDÚSTRIA E COMÉRCIO S.A.,2021-12-31,2021,0.6779328913220192,1.203984769710294,1.0286061736697931,1.4853971547744222,0.8830671961522915,1.2029921056449455,0.8047454141359415,0.0683721266948914,-1.888667109585799,LIVETECH DA BAHIA INDÚSTRIA E COMÉRCIO S.A. (2021),0.7782887700534761,42,False,False,False,GMI; LVGI; SGAI
33453598000123,25917,RAÍZEN S.A.,2025-03-31,2025,0.7045502517815856,1.5381424053471646,0.9896425121430612,1.1579203700410587,1.093233230105288,0.9020355716944768,1.0936404621971574,-0.0737079555600119,-2.678922285428325,RAÍZEN S.A. (2025),0.771336898395722,43,False,False,False,GMI; DSRI; DEPI
39346861035038,26530,CENCOSUD BRASIL COMERCIAL S.A.,2022-12-31,2022,1.7630887721928663,1.0061418164876077,1.022448383793118,1.1288160868676322,0.9381182705732496,1.0076417813710852,1.249057152716657,-0.2891479454589531,-3.09353806495945,CENCOSUD BRASIL COMERCIAL S.A. (2022),0.7632085561497327,44,False,False,False,DSRI; TATA; LVGI
06347409000165,25410,SBF COMÉRCIO DE PRODUTOS ESPORTIVOS S.A.,2023-12-31,2023,0.3745937172022427,0.854317646014039,1.1554436706114728,1.5161221478606468,0.8119967073470792,1.088725379739526,0.9183503229821456,-0.0645789098398722,-2.9214602829860006,SBF COMÉRCIO DE PRODUTOS ESPORTIVOS S.A. (2023),0.758288770053476,45,False,False,False,DSRI; SGI; GMI
82901000000127,25453,INTELBRAS S.A. IND. DE TELECOMUNICAÇÃO ELETRÔNICA BRASILEIRA,2022-12-31,2022,0.9296219161887824,1.0375528597915602,2.088174629143618,1.3710356922128084,0.8189493346797041,0.9962306802210368,1.171639943883715,-0.0294278641579891,-1.9683252810635876,INTELBRAS S.A. IND. DE TELECOMUNICAÇÃO ELETRÔNICA BRASILEIRA (2022),0.7494117647058823,46,False,False,False,AQI; SGI; LVGI
20247322000147,25330,ALLIED TECNOLOGIA S.A.,2025-12-31,2025,1.069770546719052,1.0396406543595669,1.046585532352016,0.996964346419854,0.9189888370011154,0.9457062473392284,0.9939475638082872,-0.5480956924734406,-4.941306436175654,ALLIED TECNOLOGIA S.A. (2025),0.7466310160427808,47,False,False,False,TATA; SGI; GMI
12420164000157,25682,CM HOSPITALAR S.A,2023-12-31,2023,0.9546213527414176,1.020275177828857,0.9840620833701196,1.267225829303069,0.1775158028396838,1.0473112715055204,0.8815012777554448,0.1232530518000297,-1.7663896499904703,CM HOSPITALAR S.A (2023),0.7452406417112301,48,False,False,False,DEPI; TATA; LVGI
12420164000157,25682,CM HOSPITALAR S.A,2024-12-31,2024,0.8095874720743109,1.3881813246677228,1.090836002279125,1.04506934877204,0.870899503733339,1.2301685530781494,1.1453847056486388,-0.1518871624296942,-3.1859765621974017,CM HOSPITALAR S.A (2024),0.7425668449197862,49,False,False,False,GMI; SGAI; TATA
82901000000127,25453,INTELBRAS S.A. IND. DE TELECOMUNICAÇÃO ELETRÔNICA BRASILEIRA,2021-12-31,2021,0.8255354577113303,1.1148317594790986,1.0658281479819027,1.446404944583335,0.8649911819046234,0.9248102761360326,0.7584730569281172,0.1140765668221686,-1.5449382425785214,INTELBRAS S.A. IND. DE TELECOMUNICAÇÃO ELETRÔNICA BRASILEIRA (2021),0.7373262032085564,50,False,False,False,LVGI; TATA; SGI
17359233000188,26760,TECIDOS E ARMARINHOS MIGUEL BARTOLOMEU S.A.,2025-12-31,2025,1.0322967099088258,0.936011323387167,0.995911563702772,1.0896943143843387,0.7173391434099,1.09306250369673,1.4772947067805526,0.0445804296405326,-2.401713735941593,TECIDOS E ARMARINHOS MIGUEL BARTOLOMEU S.A. (2025),0.7297326203208556,51,False,False,False,LVGI; DEPI; TATA
33041260065290,6505,GRUPO CASAS BAHIA S.A.,2025-12-31,2025,1.0214360476839666,1.0090974126746537,0.9918193480744812,1.0731823862383298,0.9689256699444952,0.925113437865277,0.9655485740758696,-0.538587311968607,-4.892979172784985,GRUPO CASAS BAHIA S.A. (2025),0.7296256684491977,52,False,False,False,TATA; SGAI; LVGI
31553627000101,25461,GRUPO TOKY S.A. - EM RECUPERAÇÃO JUDICIAL,2022-12-31,2022,0.7817078541070609,0.9973538425052436,1.7675148362287254,0.8830980702559361,0.6836797246313466,1.088172333837948,1.044560121145444,-0.113533925775651,-3.0737653442803894,GRUPO TOKY S.A. - EM RECUPERAÇÃO JUDICIAL (2022),0.7271657754010693,53,False,False,False,AQI; DEPI; SGI
31553627000101,25461,GRUPO TOKY S.A. - EM RECUPERAÇÃO JUDICIAL,2023-12-31,2023,1.12336065778233,0.919456657127169,1.303400125427985,0.850696717258527,0.910107053187153,1.0755725110783794,0.6772648242631961,-0.0031196951411874,-2.352038769298239,GRUPO TOKY S.A. - EM RECUPERAÇÃO JUDICIAL (2023),0.7170053475935826,54,False,False,False,LVGI; SGI; AQI
21240146000184,25658,AGROGALAXY PARTICIPAÇÕES S.A. - EM RECUPERAÇÃO JUDICIAL,2023-12-31,2023,0.8806453710819144,1.2156173778165822,1.6221724413751704,0.8107904155355484,0.9874282758515688,1.0403268372294578,1.050820962985539,-0.0584364875571945,-2.6918023106011257,AGROGALAXY PARTICIPAÇÕES S.A. - EM RECUPERAÇÃO JUDICIAL (2023),0.7083422459893052,55,False,False,False,GMI; AQI; SGI
61189288000189,22055,MARISA LOJAS S.A.,2022-12-31,2022,0.658353298162896,1.2118670464605388,1.0407471924626073,1.0888844276342258,0.9372816247783936,0.970846502790746,1.1413054081838578,-0.3270105302755083,-4.165189741220066,MARISA LOJAS S.A. (2022),0.7074866310160428,56,False,False,False,TATA; GMI; DSRI
34274233000102,24295,VIBRA ENERGIA S/A,2021-12-31,2021,0.8755078982056457,1.0386593173805925,0.9483370130747216,1.596557097458927,0.9687155339375212,0.751207218552481,1.239413899525278,0.0065222523905087,-2.071439611256089,VIBRA ENERGIA S/A (2021),0.7057754010695187,57,False,False,False,SGI; SGAI; LVGI
21240146000184,25658,AGROGALAXY PARTICIPAÇÕES S.A. - EM RECUPERAÇÃO JUDICIAL,2022-12-31,2022,1.0020072944719651,1.0946572823964402,0.8470223478769012,1.7616141827408915,1.0310082834588128,0.8923989303821805,1.0024012151364352,0.0174615934848044,-1.707626429295514,AGROGALAXY PARTICIPAÇÕES S.A. - EM RECUPERAÇÃO JUDICIAL (2022),0.691229946524064,58,False,False,False,SGI; GMI; SGAI
34274233000102,24295,VIBRA ENERGIA S/A,2022-12-31,2022,0.8896459810167157,1.275645916796145,1.0496093166810705,1.3944405591718478,1.0351511777287117,0.7354043887072507,1.0540833143271922,0.0066650450012162,-2.001048178318962,VIBRA ENERGIA S/A (2022),0.6889839572192514,59,False,False,False,GMI; SGAI; SGI
61189288000189,22055,MARISA LOJAS S.A.,2024-12-31,2024,0.5217370756474572,1.0015226259771302,1.150473233841756,0.8457393458587191,1.0074793166689688,0.9144837215443924,0.7963670415233625,-0.1234365301340469,-3.491409886674417,MARISA LOJAS S.A. (2024),0.6863101604278075,60,False,False,False,LVGI; DSRI; SGI
16922038000151,25259,ENJOEI S.A.,2024-12-31,2024,0.8586148116732449,0.8889694456882633,1.4524251143989784,1.3632186271234354,1.2574079275589354,0.8127198692006374,1.0922708713606188,-0.0683580703690895,-2.4501336363510444,ENJOEI S.A. (2024),0.6798930481283422,61,False,False,False,DEPI; AQI; SGAI
33453598000123,25917,RAÍZEN S.A.,2024-03-31,2024,1.3006795732657646,0.8707677245229237,0.9322752066262504,0.8967686359847927,1.0683402869596177,1.287441404051174,0.9992410329326934,-0.1623239250102061,-3.191898878660143,RAÍZEN S.A. (2024),0.6737967914438506,62,False,False,False,SGAI; GMI; DSRI
33041260065290,6505,GRUPO CASAS BAHIA S.A.,2024-12-31,2024,1.364109792490361,0.9068617167365844,1.03657095167893,0.9431136686657192,0.9816531479335652,1.0028286710038063,1.0561716362579627,-0.3448906724895983,-3.864871948579321,GRUPO CASAS BAHIA S.A. (2024),0.6694117647058824,63,False,False,False,TATA; DSRI; GMI
08764621000153,21008,GENERAL SHOPPING E OUTLETS DO BRASIL BRASIL S.A.,2023-12-31,2023,0.9919018436294524,1.01795204756382,0.924167742907994,1.042773253739091,1.4478465980463406,1.1597364754634187,0.9638876757368258,0.1021872955733506,-1.9564833412597216,GENERAL SHOPPING E OUTLETS DO BRASIL BRASIL S.A. (2023),0.6687700534759357,64,False,False,False,DEPI; TATA; SGAI
47960950000121,22470,MAGAZINE LUIZA S.A.,2024-12-31,2024,0.9580869588437416,0.9043345140807992,1.057291069449279,1.0345385621669452,0.9285860893902188,0.9927098956015667,0.9155495126665624,-0.4123786598887678,-4.423980526943776,MAGAZINE LUIZA S.A. (2024),0.664385026737968,65,False,False,False,TATA; GMI; LVGI
06347409000165,25410,SBF COMÉRCIO DE PRODUTOS ESPORTIVOS S.A.,2021-12-31,2021,0.4660871440773866,0.836993667895741,1.2056462749219932,1.328710086844454,0.9101359304755332,0.9052134148622316,0.98128243274897,-0.0018185130374364,-2.677395931628811,SBF COMÉRCIO DE PRODUTOS ESPORTIVOS S.A. (2021),0.6475935828877006,66,False,False,False,DSRI; GMI; SGI
47508411000156,14826,CIA BRASILEIRA DE DISTRIBUICAO,2023-12-31,2023,0.7407772055530676,0.9925480303848048,1.8736246988126688,1.1113677039431904,0.8871500811397925,1.003771835080297,0.925710765353512,-0.122312925170068,-2.831771334054439,CIA BRASILEIRA DE DISTRIBUICAO (2023),0.6450267379679145,67,False,False,False,AQI; DSRI; LVGI
08764621000153,21008,GENERAL SHOPPING E OUTLETS DO BRASIL BRASIL S.A.,2021-12-31,2021,0.7480088846018702,0.9083282088343017,0.9245267881918916,1.4227781349080963,1.0711170099007714,0.7596600075764519,1.1042276238236015,-0.1256122946151676,-2.9859130377934693,GENERAL SHOPPING E OUTLETS DO BRASIL BRASIL S.A. (2021),0.6337967914438504,68,False,False,False,SGAI; SGI; GMI
12420164000157,25682,CM HOSPITALAR S.A,2021-12-31,2021,0.8581495853080483,0.819863204588935,0.9818566651614532,1.4090563759949482,0.7477877995823903,1.1343548249927686,1.0767612210733126,0.0261864614429934,-2.302754128526905,CM HOSPITALAR S.A (2021),0.6256684491978609,69,False,False,False,GMI; DEPI; SGI
79430682000122,25429,FARMÁCIA E DROGARIA NISSEI S.A.,2023-12-31,2023,1.0022814643519176,1.0153489894659131,1.7750478165547614,1.1554070188141337,1.1217083462183728,0.9483749364714814,0.9099046035593896,0.0218007587301606,-1.863711492211383,FARMÁCIA E DROGARIA NISSEI S.A. (2023),0.6236363636363635,70,False,False,False,AQI; DEPI; LVGI
61189288000189,22055,MARISA LOJAS S.A.,2025-12-31,2025,1.8459980755355467,0.9271737502610664,1.0547498624796252,1.0654058523067242,0.937449162530578,0.9187274968286964,1.0230773919068814,-0.0242355527702323,-1.773831999999074,MARISA LOJAS S.A. (2025),0.622994652406417,71,False,False,False,DSRI; GMI; SGAI
47960950000121,22470,MAGAZINE LUIZA S.A.,2025-12-31,2025,0.944979174230677,1.0238932566894683,1.0048116542071863,1.017490872564821,1.0372126641376158,1.0042209480617477,1.0454698533165532,-0.4092402031085413,-4.426607852618387,MAGAZINE LUIZA S.A. (2025),0.6219251336898397,72,False,False,False,TATA; DEPI; SGI
00776574000156,20990,AMERICANAS S.A. - EM RECUPERAÇÃO JUDICIAL,2025-12-31,2025,0.9524974004266106,1.1937089961027405,0.9089011233471862,0.8575510488535787,0.9879792583280956,0.8534612549400327,1.1704544167935964,-0.0512031509631361,-2.8567883110455905,AMERICANAS S.A. - EM RECUPERAÇÃO JUDICIAL (2025),0.6160427807486633,73,False,False,False,GMI; SGAI; SGI
47960950000121,22470,MAGAZINE LUIZA S.A.,2021-12-31,2021,0.981438567747426,1.071358717006731,1.3346086071912675,1.209103518912238,1.1887323393166265,1.0042831725526544,1.0343048524704357,0.1290917434213748,-1.5239268048646892,MAGAZINE LUIZA S.A. (2021),0.615294117647059,74,False,False,False,TATA; DEPI; AQI
33041260065290,6505,GRUPO CASAS BAHIA S.A.,2023-12-31,2023,0.5827299622359928,1.1115355267380438,1.1685457885070571,0.933620299048482,0.8962320658885703,1.012613100394023,1.0257338281326036,-0.2078072259032379,-3.7909636088083007,GRUPO CASAS BAHIA S.A. (2023),0.6068449197860962,75,False,False,False,DSRI; TATA; GMI
79430682000122,25429,FARMÁCIA E DROGARIA NISSEI S.A.,2024-12-31,2024,0.8118251868797961,1.0578342821933322,0.9273661519081928,1.1810132251187846,1.5145135192730208,1.0226879804095184,0.94521311847935,-0.0616673819001788,-2.7058242524633656,FARMÁCIA E DROGARIA NISSEI S.A. (2024),0.6067379679144383,76,False,False,False,DEPI; GMI; LVGI
20247322000147,25330,ALLIED TECNOLOGIA S.A.,2024-12-31,2024,1.0436675974113363,0.9728901606700744,0.9203968993532412,0.943033502621302,0.9886906128391432,1.11706551578125,1.0535804640951454,-0.3314565465187879,-4.126955415029255,ALLIED TECNOLOGIA S.A. (2024),0.597754010695187,77,False,False,False,TATA; SGAI; SGI
43948405000169,26506,LUPO S.A.,2022-12-31,2022,0.9183447586385022,1.157675807026625,0.881294481019083,1.129729509973981,0.8319001372651659,1.048613545781037,1.233257890331192,0.0449543600900692,-2.2977351960797288,LUPO S.A. (2022),0.5890909090909089,78,False,False,False,GMI; LVGI; TATA
39346861035038,26530,CENCOSUD BRASIL COMERCIAL S.A.,2021-12-31,2021,0.5388543082966517,1.0702087122777704,1.0364395528495771,0.9690716966197372,1.2147312707564,0.9326915029502784,1.081005910820389,-0.072452821938121,-3.20927483260558,CENCOSUD BRASIL COMERCIAL S.A. (2021),0.5881283422459893,79,False,False,False,DEPI; DSRI; GMI
34274233000102,24295,VIBRA ENERGIA S/A,2023-12-31,2023,0.9856431265090876,0.8043861378668637,1.0252509468518145,0.8980468018032913,0.9996595509443248,1.1780800425638531,0.9016337265639824,-0.0340608541661875,-2.835107197273665,VIBRA ENERGIA S/A (2023),0.5743315508021392,80,False,False,False,GMI; SGAI; SGI
20258278000170,23507,OUROFINO S.A.,2023-12-31,2023,0.964472351129034,1.1082202517547717,0.7637352595916094,0.9060365553204426,0.8722325018735104,1.041214870629871,1.0206837237357431,-0.1878618524185522,-3.542362896974802,OUROFINO S.A. (2023),0.5719786096256683,81,False,False,False,GMI; TATA; AQI
33453598000123,25917,RAÍZEN S.A.,2021-03-31,2021,1.5432824358280384,0.9897546398083076,1.0378060319143123,0.8858158730103378,0.8674135286205509,1.1102487027675756,0.9883716207364708,-0.0539276168792882,-2.3549033740444902,RAÍZEN S.A. (2021),0.5671657754010695,82,False,False,False,DSRI; SGI; SGAI
09813204000116,25852,W2W E-COMMERCE DE VINHOS S.A.,2025-12-31,2025,0.9138405291159616,0.979361969450826,1.22604069816216,0.9673054872641634,0.8680537610237116,0.9560748394704972,0.7758748843694487,0.0497695852534562,-2.20946454430522,W2W E-COMMERCE DE VINHOS S.A. (2025),0.5602139037433155,83,False,False,False,LVGI; TATA; AQI
92754738000162,8133,LOJAS RENNER S.A.,2021-12-31,2021,1.012472848637184,0.9802083331735078,0.8467715240824342,1.4025877052160092,1.115533807408578,0.9325058060309972,0.8399950558727819,-0.0272038300045511,-2.2318407652032346,LOJAS RENNER S.A. (2021),0.5549732620320854,84,False,False,False,LVGI; SGI; DEPI
16233389000155,25542,CVLB BRASIL S.A EM RECUPERAÇÃO JUDICAL,2024-12-31,2024,0.1248358444311212,0.9801003062850188,1.1297478922304027,1.0697432860648537,1.003762802761995,1.0467284916545874,1.0745547571995415,-0.0742180908639108,-3.5602793327773954,CVLB BRASIL S.A EM RECUPERAÇÃO JUDICAL (2024),0.5519786096256685,85,False,False,False,DSRI; AQI; SGAI
18328118000109,25089,PET CENTER COMÉRCIO E PARTICIPAÇÕES S.A.,2023-12-31,2023,0.9911420071716744,1.020359489410401,1.0124459546451838,1.1194934050864815,0.8376840831292819,1.0130653560015614,1.3712006151393763,-0.1033050166803865,-2.991443605850077,PET CENTER COMÉRCIO E PARTICIPAÇÕES S.A. (2023),0.5465240641711232,86,False,False,False,LVGI; DEPI; TATA
51218147000193,20494,IGUATEMI EMPRESA DE SHOPPING CENTERS S.A,2025-12-31,2025,1.2055161005329078,0.901356750356728,1.0111790736687225,1.1160069341406886,1.2719945774976438,1.0012394370351732,1.109932525554402,0.032017364532617,-2.0900867862717094,IGUATEMI EMPRESA DE SHOPPING CENTERS S.A (2025),0.5334759358288772,87,False,False,False,DEPI; GMI; DSRI
09295063000197,22519,TECHNOS S.A.,2021-12-31,2021,0.8324580759958008,0.8746452087228028,0.8238289517125874,1.2853352520573815,1.0985545258495075,0.8538370402245006,1.0653025376005734,-0.0223670903800973,-2.606515704680937,TECHNOS S.A. (2021),0.5256684491978612,88,False,False,False,GMI; SGAI; DEPI
51218147000193,20494,IGUATEMI EMPRESA DE SHOPPING CENTERS S.A,2023-12-31,2023,0.8245396140107857,0.90791617651852,0.9743890950689944,1.043245055649976,0.9959836237534524,0.8930014820601399,0.7749633031849681,-0.0157273805693442,-2.6438755818687896,IGUATEMI EMPRESA DE SHOPPING CENTERS S.A (2023),0.5224598930481283,89,False,False,False,LVGI; GMI; SGAI
09813204000116,25852,W2W E-COMMERCE DE VINHOS S.A.,2022-12-31,2022,0.9221708288804454,0.975363618789044,0.992295878634964,1.310003620993156,0.7131902088172001,1.0013140043160185,0.8422619668569197,-0.0868824350892286,-2.679351793488045,W2W E-COMMERCE DE VINHOS S.A. (2022),0.5219251336898396,90,False,False,False,DEPI; LVGI; SGI
17359233000188,26760,TECIDOS E ARMARINHOS MIGUEL BARTOLOMEU S.A.,2024-12-31,2024,0.8608670540762409,1.001349237590061,1.1168213100699675,1.060439473301924,1.006965255367111,1.1210413124009426,1.3012635398686796,-0.0029726853931353,-2.638622567206005,TECIDOS E ARMARINHOS MIGUEL BARTOLOMEU S.A. (2024),0.5216042780748663,91,False,False,False,LVGI; SGAI; TATA
82901000000127,25453,INTELBRAS S.A. IND. DE TELECOMUNICAÇÃO ELETRÔNICA BRASILEIRA,2023-12-31,2023,1.2122072876452334,0.9122302220631096,1.04155270766471,0.9695349668515244,1.0353579190617477,1.1185031217984682,0.8515208859517083,-0.0006812205098516,-2.312450390518,INTELBRAS S.A. IND. DE TELECOMUNICAÇÃO ELETRÔNICA BRASILEIRA (2023),0.5192513368983956,92,False,False,False,LVGI; SGAI; GMI
16233389000155,25542,CVLB BRASIL S.A EM RECUPERAÇÃO JUDICAL,2022-12-31,2022,0.7775676331369061,1.0138279555814274,1.3197543327765668,1.074744385201562,0.929371767083168,1.0600147560655877,1.0417489140727665,-0.218342698474119,-3.5352060408164405,CVLB BRASIL S.A EM RECUPERAÇÃO JUDICAL (2022),0.5049197860962568,93,False,False,False,TATA; AQI; DSRI
16233389000155,25542,CVLB BRASIL S.A,2021-12-31,2021,0.8062120211971167,1.0728720670525644,1.5818170618597256,1.129832079419908,0.9176306826576708,1.0179147165183555,1.1014486158051493,-0.0592414290447697,-2.5918623278652984,CVLB BRASIL S.A (2021),0.5038502673796791,94,False,False,False,AQI; GMI; DSRI
09295063000197,22519,TECHNOS S.A.,2025-12-31,2025,1.010587669120568,0.9996571082813258,1.0664271689459837,1.1952208454082145,0.9378362865663752,0.9568117326496192,0.7675501411681799,0.062708499267006,-1.8997630940305072,TECHNOS S.A. (2025),0.5011764705882352,95,False,False,False,LVGI; TATA; SGAI
79430682000122,25429,FARMÁCIA E DROGARIA NISSEI S.A.,2021-12-31,2021,1.051626093048052,0.9956113798837362,0.3905317833732518,1.153036510531252,0.9868818838211268,0.9779548010871392,0.9885525782254606,-0.0710195936172824,-2.8708119587030576,FARMÁCIA E DROGARIA NISSEI S.A. (2021),0.49636363636363634,96,False,False,False,AQI; DSRI; LVGI
47960950000121,22470,MAGAZINE LUIZA S.A.,2022-12-31,2022,1.1315294119565602,0.859569628308582,1.228318066357573,1.0572833892933728,0.7608266086573835,1.066808594176861,1.0246167008826212,-0.0943470747179097,-2.7782985371914237,MAGAZINE LUIZA S.A. (2022),0.4919786096256684,97,False,False,False,GMI; DEPI; AQI
10158356000101,27839,CPX DISTRIBUIDORA S.A.,2025-12-31,2025,0.8943366056751236,1.1245765671862669,1.0491035132661874,1.2639540960304354,1.1204398080230211,1.0321165007617878,1.1739712558906068,-0.0543364390931144,-2.55895128168714,CPX DISTRIBUIDORA S.A. (2025),0.48631016042780745,98,False,False,False,GMI; LVGI; DEPI
06626253000151,22608,EMPREENDIMENTOS PAGUE MENOS S.A.,2025-12-31,2025,1.5154962276439956,0.9966911641423724,0.8938125248051916,1.179135844705966,0.9517103460273452,0.9595538838420912,1.0475032576197658,0.0061040666865102,-1.876170317844509,EMPREENDIMENTOS PAGUE MENOS S.A. (2025),0.47315508021390357,99,False,False,False,DSRI; TATA; AQI
06347409000165,25410,SBF COMÉRCIO DE PRODUTOS ESPORTIVOS S.A.,2022-12-31,2022,1.284589675683469,1.0170508685103783,1.1980103684643957,1.3007837392095478,0.9788852055549206,1.049069416620134,0.9039118843117996,-0.0417108141316172,-2.035491582074839,SBF COMÉRCIO DE PRODUTOS ESPORTIVOS S.A. (2022),0.46802139037433155,100,False,False,False,DSRI; LVGI; SGI
12420164000157,25682,CM HOSPITALAR S.A,2025-12-31,2025,0.9686788482366748,0.7811964749283588,1.0927108541496615,0.9985802923863872,0.9063952665093606,0.902085919425856,0.9984123091996154,-0.0287564513647852,-2.71611049851174,CM HOSPITALAR S.A (2025),0.46545454545454534,101,False,False,False,GMI; SGAI; SGI
20258278000170,23507,OUROFINO S.A.,2024-12-31,2024,1.2398148767325097,0.9060336006535176,1.2300152762710033,1.0864122143878654,0.9751513458811772,0.9377078201912148,0.9692837182335784,0.0436143123522249,-1.917006454076445,OUROFINO S.A. (2024),0.4575401069518717,102,False,False,False,DSRI; GMI; TATA
43948405000169,26506,LUPO S.A.,2025-12-31,2025,0.9629812529726812,1.037534183947251,0.7646401188144633,1.0280756365498631,0.93710298914906,1.059234000898348,0.8735795875276354,0.0081662492369564,-2.5021531716816545,LUPO S.A. (2025),0.4506951871657753,103,False,False,False,LVGI; AQI; TATA
51218147000193,20494,IGUATEMI EMPRESA DE SHOPPING CENTERS S.A,2024-12-31,2024,1.443352962602355,0.9902165276809728,0.964607795401577,1.0246926766838431,0.9418971984104942,1.1147102863187988,1.0024117441167315,-0.0086404694432907,-2.1371829191270098,IGUATEMI EMPRESA DE SHOPPING CENTERS S.A (2024),0.4402139037433156,104,False,False,False,DSRI; SGAI; SGI
43948405000169,26506,LUPO S.A.,2023-12-31,2023,0.8694256445640061,1.1408938937999955,0.9323117061058148,0.9772806333593236,0.8828278488703921,1.0284326956188234,0.9243070663031748,-0.0887210994216014,-2.982087832752604,LUPO S.A. (2023),0.42919786096256696,105,False,False,False,GMI; LVGI; SGI
38456921000136,25747,INFRACOMMERCE CXAAS S.A.,2023-12-31,2023,0.9553419464372525,1.0014774148796963,1.0029066260021249,1.2032848611187466,0.7905603137044818,0.8529814986582283,1.0446270587708657,-0.1674562308096418,-3.1347200950680545,INFRACOMMERCE CXAAS S.A. (2023),0.42823529411764716,106,False,False,False,SGAI; TATA; DEPI
20247322000147,25330,ALLIED TECNOLOGIA S.A.,2021-12-31,2021,0.8291232714591048,1.110557933457333,0.9972528449657048,1.2151696600869089,0.944156830879401,0.9074170399486,0.9225616620870558,0.0362140375653405,-2.183740392282751,ALLIED TECNOLOGIA S.A. (2021),0.427807486631016,107,False,False,False,GMI; TATA; LVGI
34274233000102,24295,VIBRA ENERGIA S/A,2025-12-31,2025,1.2578862073022306,0.981211486729811,1.1295462083939174,1.0975376149345222,1.1276694957781943,1.1490203674416288,1.021912736609116,-0.0768826993422239,-2.491173929854785,VIBRA ENERGIA S/A (2025),0.4245989304812834,108,False,False,False,SGAI; DEPI; DSRI
47508411000156,14826,CIA BRASILEIRA DE DISTRIBUICAO,2024-12-31,2024,0.8135059400910402,0.9091052721447156,1.0474671513484684,0.976103896103896,0.9248736777075088,1.02726653684393,1.0154672636731843,-0.1911384053189869,-3.61442931206384,CIA BRASILEIRA DE DISTRIBUICAO (2024),0.4173262032085562,109,False,False,False,TATA; GMI; SGI
43948405000169,26506,LUPO S.A.,2024-12-31,2024,1.282016613942969,0.9348849580444796,0.8777534074295733,1.0545681558127704,0.9509494185988824,1.045267329086332,0.9672631519041888,0.0285885738750161,-2.1245941967138915,LUPO S.A. (2024),0.4034224598930482,110,False,False,False,DSRI; TATA; GMI
06347409000165,25410,SBF COMÉRCIO DE PRODUTOS ESPORTIVOS S.A.,2025-12-31,2025,1.1332340968103527,1.082998187686776,0.9683430940166876,1.2703302849009914,0.9695934301045184,0.8477890582806483,1.0237933252812368,-5.037414472141688e-05,-2.0705889552737995,SBF COMÉRCIO DE PRODUTOS ESPORTIVOS S.A. (2025),0.3957219251336898,111,False,False,False,SGAI; GMI; SGI
39346861035038,26530,CENCOSUD BRASIL COMERCIAL S.A.,2023-12-31,2023,0.7962997376733729,1.0480989769869753,0.9265670061027936,1.0851549405222252,1.0104288477088086,0.9746950254383678,1.163219076489407,-0.1470326222483813,-3.331503208481119,CENCOSUD BRASIL COMERCIAL S.A. (2023),0.3948663101604278,112,False,False,False,LVGI; TATA; DSRI
12108897000150,25046,D1000 VAREJO FARMA PARTICIPAÇÕES S.A.,2023-12-31,2023,1.0118971972073874,1.0142695477712984,0.9379771450146224,1.17918710742286,1.003660522608568,1.2742438038926305,1.0944384502551123,-0.080515641073826,-2.78110562292626,D1000 VAREJO FARMA PARTICIPAÇÕES S.A. (2023),0.39283422459893047,113,False,False,False,SGAI; LVGI; DEPI
08764621000153,21008,GENERAL SHOPPING E OUTLETS DO BRASIL BRASIL S.A.,2022-12-31,2022,0.6962248692216039,1.0440000504380806,1.044608128417019,1.180198186607854,1.0200770928219731,0.8768005000593144,1.070311018841343,0.0261324681970901,-2.4347013321527453,GENERAL SHOPPING E OUTLETS DO BRASIL BRASIL S.A. (2022),0.3918716577540108,114,False,False,False,SGAI; DSRI; TATA
12108897000150,25046,D1000 VAREJO FARMA PARTICIPAÇÕES S.A.,2024-12-31,2024,0.988991269246854,1.0322508953762657,0.8701548009359668,1.2354244846358502,1.1734887328184644,0.942669817020155,1.1047788903414877,-0.0822489961590751,-2.7048521340842395,D1000 VAREJO FARMA PARTICIPAÇÕES S.A. (2024),0.38962566844919766,115,False,False,False,DEPI; AQI; LVGI
04972092000122,26166,GRUPO FARTURA DE HORTIFRUT S.A.,2024-12-31,2024,0.9390721227067222,0.9979699901998672,1.5169962676360884,1.096747749415396,0.9964357531419568,0.9356218962141676,1.0661787221652437,-0.0523602280914869,-2.4979308116063867,GRUPO FARTURA DE HORTIFRUT S.A. (2024),0.38748663101604275,116,False,False,False,AQI; SGAI; DEPI
17359233000188,26760,TECIDOS E ARMARINHOS MIGUEL BARTOLOMEU S.A.,2023-12-31,2023,0.9889584608566744,1.077062655857911,0.9396332378524368,1.0582174308814434,1.2105327761574338,1.038515475183146,1.0533566963261616,0.0109237290720014,-2.3706762611244065,TECIDOS E ARMARINHOS MIGUEL BARTOLOMEU S.A. (2023),0.38149732620320864,117,False,False,False,DEPI; GMI; TATA
79430682000122,25429,FARMÁCIA E DROGARIA NISSEI S.A.,2025-12-31,2025,0.7487450309593195,0.9747573134749192,0.8165785799789438,1.1569286410882795,0.7729186542673637,1.017822622483728,1.0518498106051992,-0.048753070985732,-2.932854968877024,FARMÁCIA E DROGARIA NISSEI S.A. (2025),0.3765775401069519,118,False,False,False,DEPI; AQI; DSRI
61189288000189,22055,MARISA LOJAS S.A.,2021-12-31,2021,1.0340455231864225,0.7977740316254504,1.041997547728891,1.180437474321275,0.9744273687586,0.9581799148867512,1.0006267282260335,-0.0222631847241676,-2.4776583730007804,MARISA LOJAS S.A. (2021),0.37422459893048116,119,False,False,False,GMI; SGAI; SGI
08764621000153,21008,GENERAL SHOPPING E OUTLETS DO BRASIL BRASIL S.A.,2025-12-31,2025,1.0404017844563254,0.9976049684315595,1.029567474939224,1.0537253728697116,0.7939762551798396,0.9066473107998336,1.0876224696079004,0.0585972899851921,-2.146338538326047,GENERAL SHOPPING E OUTLETS DO BRASIL BRASIL S.A. (2025),0.3689839572192514,120,False,False,False,DEPI; TATA; SGAI
20258278000170,23507,OUROFINO S.A.,2021-12-31,2021,0.9449979976838858,1.0366660288414793,0.9374469099219986,1.239530316062829,1.073079766546812,0.9514644856492996,0.936826859566402,0.0565609323158732,-2.020794084517032,OUROFINO S.A. (2021),0.36791443850267386,121,False,False,False,TATA; DEPI; LVGI
09295063000197,22519,TECHNOS S.A.,2024-12-31,2024,1.0693516855916212,1.0117780064830295,0.9291207237200422,1.1692230397812746,0.8994885657780525,0.9616688811474308,1.192714034715002,0.0229155250542797,-2.248427548080587,TECHNOS S.A. (2024),0.3488770053475937,122,False,False,False,LVGI; TATA; DSRI
34274233000102,24295,VIBRA ENERGIA S/A,2024-12-31,2024,0.7636343124184352,1.072621840862498,1.1102387714058397,1.0572271965731188,1.0039957378795952,0.9773377993968306,0.9797430111122806,0.0452857142857142,-2.3406556767394187,VIBRA ENERGIA S/A (2024),0.34834224598930474,123,False,False,False,TATA; GMI; DSRI
18328118000109,25089,PET CENTER COMÉRCIO E PARTICIPAÇÕES S.A.,2022-12-31,2022,0.9357980491147556,1.01346469187083,1.1250438710435224,1.3513703054790764,0.8957068056342564,1.0561366637903749,0.9056644560706096,-0.04173145507055,-2.354079380051905,PET CENTER COMÉRCIO E PARTICIPAÇÕES S.A. (2022),0.3452406417112299,124,False,False,False,SGI; LVGI; SGAI
92012467000170,4537,GRAZZIOTIN S.A.,2022-12-31,2022,0.7847596495641871,0.9804031565242344,1.0459264751801471,1.1119402012195718,0.8605251430258786,1.1112843067612552,0.8870893962644609,-0.0940786205978388,-3.0084159079662403,GRAZZIOTIN S.A. (2022),0.3434224598930481,125,False,False,False,LVGI; SGAI; DSRI
33041260065290,6505,GRUPO CASAS BAHIA S.A.,2021-12-31,2021,0.8162173037868664,1.0850658062381129,1.1904991637392073,1.0691325559669216,1.0217607635387014,1.130458288776256,1.0208273961475007,-0.0400396151669496,-2.679629688518181,GRUPO CASAS BAHIA S.A. (2021),0.3269518716577541,126,False,False,False,SGAI; GMI; AQI
96418264021802,25038,LOJAS QUERO QUERO S.A.,2021-12-31,2021,1.027594713615007,1.058272785164079,1.070133721188538,1.2544110281254703,1.081287205478537,0.9881743561443732,0.8937160570525743,-0.02660629181262,-2.246930123133712,LOJAS QUERO QUERO S.A. (2021),0.3264171122994653,127,False,False,False,LVGI; DEPI; GMI
20258278000170,23507,OUROFINO S.A.,2025-12-31,2025,1.0161935016615944,0.9775697045615782,1.1331957972546316,1.1953567162897447,0.9998998623528214,0.9514539973874868,1.0805272763931804,0.0781678888149483,-1.9011223524369965,OUROFINO S.A. (2025),0.3201069518716578,128,False,False,False,TATA; AQI; SGAI
51218147000193,20494,IGUATEMI EMPRESA DE SHOPPING CENTERS S.A,2021-12-31,2021,1.024579682095481,1.0413423088998992,0.9515520176781912,1.2680098168081757,1.0800002356716432,1.022763135734026,0.9242337117996416,0.0139391454972476,-2.120784575859004,IGUATEMI EMPRESA DE SHOPPING CENTERS S.A (2021),0.31893048128342244,129,False,False,False,DEPI; LVGI; SGI
09295063000197,22519,TECHNOS S.A.,2023-12-31,2023,1.053141817834121,0.9807302154744728,0.9710420138526576,0.9747033299927114,1.0403971970826624,1.0861804428814648,0.8879758686521706,-0.0292826934489156,-2.5861068200799564,TECHNOS S.A. (2023),0.31882352941176484,130,False,False,False,LVGI; SGAI; SGI
96418264021802,25038,LOJAS QUERO QUERO S.A.,2023-12-31,2023,1.12039806794744,0.965533174932144,1.237618539247306,1.0369525586897903,0.8470142159856859,1.0892170749381205,1.0929660585910332,-0.0444084395456001,-2.529598380761112,LOJAS QUERO QUERO S.A. (2023),0.31251336898395726,131,False,False,False,AQI; SGAI; DEPI
07859510000168,24473,JHSF MALLS S.A.,2022-12-31,2022,0.8948239587136522,0.972752195789418,0.9920995423987464,1.2631499982950865,1.1427970796468805,1.0106342552473435,1.118906014837908,-0.0236399225244409,-2.494511677085324,JHSF MALLS S.A. (2022),0.30631016042780757,132,False,False,False,DEPI; LVGI; SGI
96418264021802,25038,LOJAS QUERO QUERO S.A.,2022-12-31,2022,0.9622592090772644,1.1739271074901307,1.006764943058515,1.1372252048823617,0.9082510707764476,0.979913647067073,0.984149181134189,-0.0841259091213484,-2.693288280309336,LOJAS QUERO QUERO S.A. (2022),0.30566844919786096,133,False,False,False,GMI; LVGI; TATA
09295063000197,22519,TECHNOS S.A.,2022-12-31,2022,0.9289421317319676,0.9683719698047336,1.002277900580652,1.1171430207186976,0.955248933744352,1.027363884985356,0.8223959965937179,-0.0039081096386554,-2.4267234891563234,TECHNOS S.A. (2022),0.297005347593583,134,False,False,False,LVGI; TATA; GMI
45453214000151,20346,PROFARMA DISTRIB PROD FARMACEUTICOS S.A.,2023-12-31,2023,1.0265735524869366,0.9825552678399598,0.8693198366178266,1.1081758466818608,0.9867532245349784,1.2126885973583903,1.0726532879315984,-0.0370683967317452,-2.656371552444287,PROFARMA DISTRIB PROD FARMACEUTICOS S.A. (2023),0.2925133689839573,135,False,False,False,SGAI; AQI; LVGI
53153938000108,27766,UNIÃO PET PARTICIPAÇÕES S.A.,2024-12-31,2024,0.9332699043442304,1.017642473588097,0.766535360518552,1.0600504795714154,0.9040828420007316,1.0404008970214382,1.0062831162757786,-0.106124695203172,-3.0894226038570203,UNIÃO PET PARTICIPAÇÕES S.A. (2024),0.2790374331550802,136,False,False,False,AQI; TATA; SGAI
82901000000127,25453,INTELBRAS S.A. IND. DE TELECOMUNICAÇÃO ELETRÔNICA BRASILEIRA,2025-12-31,2025,1.009957181955757,1.0216691221871643,1.009003301325784,0.9378137256509788,0.8526800447191519,1.0159462644587929,0.924146582622954,-0.0819220899783351,-2.8894248629401376,INTELBRAS S.A. IND. DE TELECOMUNICAÇÃO ELETRÔNICA BRASILEIRA (2025),0.2664171122994652,137,False,False,False,SGI; LVGI; DEPI
33453598000123,25917,RAÍZEN S.A.,2023-03-31,2023,1.04514642097787,0.9848426344736594,1.18461427999333,1.2852614207295394,0.8599675031733115,1.012056583888125,1.0095431479331642,-0.0946016100210178,-2.5813700375165265,RAÍZEN S.A. (2023),0.2576470588235294,138,False,False,False,SGI; AQI; DEPI
82901000000127,25453,INTELBRAS S.A. IND. DE TELECOMUNICAÇÃO ELETRÔNICA BRASILEIRA,2024-12-31,2024,1.1008322802157071,1.011908423653764,1.0550457033396743,1.1589964704815878,0.9309000563751278,0.9769427599019234,1.0202061107607492,0.075991992848218,-1.8719048505955012,INTELBRAS S.A. IND. DE TELECOMUNICAÇÃO ELETRÔNICA BRASILEIRA (2024),0.25711229946524056,139,False,False,False,TATA; DSRI; SGAI
33041260065290,6505,GRUPO CASAS BAHIA S.A.,2022-12-31,2022,0.9558280353965034,0.9725441236257616,1.1644244927887994,0.9999676364930904,0.8378149782724356,0.911471313485,0.9907661861007429,-0.0961657390228818,-2.9191006624834,GRUPO CASAS BAHIA S.A. (2022),0.25090909090909086,140,False,False,False,SGAI; DEPI; AQI
07859510000168,24473,JHSF MALLS S.A.,2021-12-31,2021,0.9617927987469764,0.984391813036924,0.9770540764934132,1.3590527827980907,0.8792783222341215,1.0210661152404374,1.0537284689754145,0.0003098739992994,-2.246012492386719,JHSF MALLS S.A. (2021),0.24684491978609624,141,False,False,False,SGI; TATA; DEPI
09813204000116,25852,W2W E-COMMERCE DE VINHOS S.A.,2024-12-31,2024,1.2253278220883022,0.9940626613764568,1.0318842699205049,1.0314819657882788,0.8227172932094187,1.0078679815817588,1.033485429954564,-0.0983333743438851,-2.7276625582041243,W2W E-COMMERCE DE VINHOS S.A. (2024),0.24491978609625673,142,False,False,False,DSRI; DEPI; TATA
53153938000108,27766,UNIÃO PET PARTICIPAÇÕES S.A.,2025-12-31,2025,0.987311929342046,0.9507489521758428,0.8985642569001833,1.10075944318457,0.9256179125411484,0.942905834016241,1.0501251244024865,-0.1554405495904473,-3.21121118587004,UNIÃO PET PARTICIPAÇÕES S.A. (2025),0.23657754010695187,143,False,False,False,TATA; AQI; GMI
47508411000156,14826,CIA BRASILEIRA DE DISTRIBUICAO,2025-12-31,2025,0.7670344619018297,0.998653502747669,0.9240191222872652,1.0171899946780203,1.0066637708927115,0.9820342379770592,1.0619158352819127,-0.1176055573645935,-3.2770684812682096,CIA BRASILEIRA DE DISTRIBUICAO (2025),0.22834224598930486,144,False,False,False,DSRI; TATA; SGI
79430682000122,25429,FARMÁCIA E DROGARIA NISSEI S.A.,2022-12-31,2022,1.1945490399387386,1.012431770176019,1.2204030164730673,1.1865510192890192,0.9934957280842024,0.9499157560262286,1.0024201103421502,-0.0360539109060744,-2.200625707260732,FARMÁCIA E DROGARIA NISSEI S.A. (2022),0.2263101604278075,145,False,False,False,DSRI; AQI; SGAI
12108897000150,25046,D1000 VAREJO FARMA PARTICIPAÇÕES S.A.,2022-12-31,2022,1.080884353249314,1.013542385964384,0.9868172855754892,1.299418079996916,0.9575631327407416,0.8858004370615548,1.0262157623261716,-0.0620466915751862,-2.420807843562046,D1000 VAREJO FARMA PARTICIPAÇÕES S.A. (2022),0.22491978609625665,146,False,False,False,SGAI; SGI; DSRI
47508411000156,14826,CIA BRASILEIRA DE DISTRIBUICAO,2021-12-31,2021,1.0696160993741035,1.062486006469383,1.0410569263605955,1.0007414200144382,0.8101879717269496,1.000328656338862,1.0271302387570884,-0.035758347996683,-2.5637820427491644,CIA BRASILEIRA DE DISTRIBUICAO (2021),0.22310160427807482,147,False,False,False,DEPI; GMI; SGI
92012467000170,4537,GRAZZIOTIN S.A.,2023-12-31,2023,0.9674293923161172,1.049058591440777,1.0071857394971462,0.9919073907710256,0.8348725773900606,1.0904974462797592,1.0783330612696505,-0.044964844369058,-2.7589382236621,GRAZZIOTIN S.A. (2023),0.22032085561497328,148,False,False,False,DEPI; SGAI; GMI
92754738000162,8133,LOJAS RENNER S.A.,2022-12-31,2022,0.960221966403364,0.9704137206989144,1.1475994449886515,1.2553626921145762,0.950382585660144,0.926160052891722,0.9442824163830856,-0.0115624497018567,-2.2736902332969766,LOJAS RENNER S.A. (2022),0.21893048128342246,149,False,False,False,LVGI; SGAI; SGI
47960950000121,22470,MAGAZINE LUIZA S.A.,2023-12-31,2023,0.8831634300219914,1.0124404053940324,1.1726299245396536,0.9857676352841828,0.9076602393484636,1.0478001421535814,1.0078929713148068,-0.1157046655396451,-3.086677718749492,MAGAZINE LUIZA S.A. (2023),0.213475935828877,150,False,False,False,TATA; SGI; AQI
96418264021802,25038,LOJAS QUERO QUERO S.A.,2025-12-31,2025,1.1285874191939764,1.073340004826442,0.9059747271659424,1.0457865305494818,0.9181363084097566,1.0057241750312127,1.0692598410332437,-0.0849403669992368,-2.750603504613548,LOJAS QUERO QUERO S.A. (2025),0.21058823529411758,151,False,False,False,GMI; DSRI; AQI
06626253000151,22608,EMPREENDIMENTOS PAGUE MENOS S.A.,2023-12-31,2023,0.933024861321247,1.014656587011141,0.990210731045869,1.2190696016737266,0.757526962775325,1.0075085187815302,1.0539323274827,-0.0543848996250583,-2.643701910550827,EMPREENDIMENTOS PAGUE MENOS S.A. (2023),0.1979679144385026,152,False,False,False,DEPI; SGI; GMI
13217485000111,24694,GRUPO SBF S.A.,2022-12-31,2022,1.0524316294841758,0.9795885858970188,0.9258617221750328,1.2250765195005853,0.974660815940558,1.0803863820988588,1.069433642553888,0.0078508926599188,-2.274434674614897,GRUPO SBF S.A. (2022),0.1898395721925134,153,False,False,False,SGAI; TATA; SGI
12108897000150,25046,D1000 VAREJO FARMA PARTICIPAÇÕES S.A.,2025-12-31,2025,0.9905773450673696,1.0713372842732665,0.9611990167863252,1.234244866694899,1.014886580220711,0.9378539889271702,0.9947419222370728,-0.0731840583145303,-2.5860396793635108,D1000 VAREJO FARMA PARTICIPAÇÕES S.A. (2025),0.18791443850267375,154,False,False,False,GMI; SGAI; SGI
18328118000109,25089,PET CENTER COMÉRCIO E PARTICIPAÇÕES S.A.,2025-12-31,2025,0.9159433227420698,0.9984859080652596,0.974753374712266,1.079459870077963,0.8837398879671023,0.9940225392305644,1.110475526234121,-0.139306526228642,-3.1977355390593543,PET CENTER COMÉRCIO E PARTICIPAÇÕES S.A. (2025),0.18727272727272723,155,False,False,False,TATA; LVGI; DEPI
45453214000151,20346,PROFARMA DISTRIB PROD FARMACEUTICOS S.A.,2022-12-31,2022,1.02979763532258,0.9656108930799838,0.8700293485612656,1.2187705386968344,0.9111761728935026,0.9559641534832092,1.0657879806125932,-0.0094576480326273,-2.396514025942008,PROFARMA DISTRIB PROD FARMACEUTICOS S.A. (2022),0.17262032085561496,156,False,False,False,AQI; SGI; TATA
20258278000170,23507,OUROFINO S.A.,2022-12-31,2022,1.0667030763639893,0.9741573899582076,0.959238461169556,1.15040591563894,0.9477341536074656,1.0144865219226586,0.95194859115693,0.0304997010779759,-2.164664994855066,OUROFINO S.A. (2022),0.1645989304812834,157,False,False,False,TATA; LVGI; DSRI
06347409000165,25410,SBF COMÉRCIO DE PRODUTOS ESPORTIVOS S.A.,2024-12-31,2024,0.8831373411422799,0.9440532633255424,1.0841936417595135,1.0148005440338312,1.011368428594234,1.0395751421994242,0.967497526165591,-0.071795540803344,-2.900639788209153,SBF COMÉRCIO DE PRODUTOS ESPORTIVOS S.A. (2024),0.1607486631016043,158,False,False,False,GMI; LVGI; SGI
92012467000170,4537,GRAZZIOTIN S.A.,2024-12-31,2024,0.9644367902172996,0.983065649203265,0.9280873944158587,1.0764786969825466,1.107567008020461,0.9776647155962884,0.957945606507444,-0.0373017984069985,-2.6270646384028105,GRAZZIOTIN S.A. (2024),0.15925133689839574,159,False,False,False,DEPI; LVGI; AQI
12108897000150,25046,D1000 VAREJO FARMA PARTICIPAÇÕES S.A.,2021-12-31,2021,1.1799694916081953,0.9955068846174756,1.0263337667727237,1.1364221530802738,1.0496779268084158,0.9766407316813652,0.9761626909270168,-0.063262147436682,-2.4629510623742457,D1000 VAREJO FARMA PARTICIPAÇÕES S.A. (2021),0.1488770053475936,160,False,False,False,DSRI; DEPI; LVGI
92012467000170,4537,GRAZZIOTIN S.A.,2025-12-31,2025,0.8519273068583415,0.9848439742785002,1.098263221514393,1.0222662340514308,0.8298248911898943,1.0251991975927002,1.0075462234535435,-0.0508256858950767,-2.828854835877065,GRAZZIOTIN S.A. (2025),0.1467379679144385,161,False,False,False,DEPI; DSRI; SGI
18328118000109,25089,PET CENTER COMÉRCIO E PARTICIPAÇÕES S.A.,2024-12-31,2024,1.0137496271782078,0.9950227282469406,1.0022227011286693,1.047070802375237,0.9154317269648988,1.0104447274190194,1.0977099694402803,-0.129200949105099,-3.075097460891808,PET CENTER COMÉRCIO E PARTICIPAÇÕES S.A. (2024),0.14032085561497326,162,False,False,False,TATA; LVGI; SGI
04972092000122,26166,GRUPO FARTURA DE HORTIFRUT S.A.,2022-12-31,2022,1.0946804119263287,0.9765934274329572,1.1733369918546446,1.1560417054090577,0.999125663123154,1.0167511196102554,0.9717157641135988,-0.0610107057307951,-2.475237233702358,GRUPO FARTURA DE HORTIFRUT S.A. (2022),0.13048128342245982,163,False,False,False,AQI; DSRI; LVGI
04972092000122,26166,GRUPO FARTURA DE HORTIFRUT S.A.,2021-12-31,2021,0.9244889294433224,1.0154673803386902,0.8697621379859707,1.1330669970585012,1.0046413236214122,1.0784568806987085,1.0592667429456015,-0.0436437995231296,-2.7117741371464508,GRUPO FARTURA DE HORTIFRUT S.A. (2021),0.12192513368983957,164,False,False,False,SGAI; AQI; DEPI
92665611000177,9342,DIMED S.A. DISTRIBUIDORA DE MEDICAMENTOS,2021-12-31,2021,0.9930947356396764,0.9532765276339408,1.0946649935438926,1.144122790526088,0.9142797357732276,1.094911679291137,1.0378077434487636,-0.0217348575844371,-2.4844638200492555,DIMED S.A. DISTRIBUIDORA DE MEDICAMENTOS (2021),0.1151871657754011,165,False,False,False,SGAI; GMI; TATA
61585865000151,5258,RAIA DROGASIL S.A.,2023-12-31,2023,1.1684807222877345,1.0087282644578313,1.091463214497768,1.168794366743752,0.9560734790743648,0.9934491302211272,1.0672443213927203,-0.0347451818943495,-2.321359897552588,RAIA DROGASIL S.A. (2023),0.11240641711229946,166,False,False,False,DSRI; LVGI; AQI
96418264021802,25038,LOJAS QUERO QUERO S.A.,2024-12-31,2024,1.0630805077232055,0.9895004383857032,0.8612885620496926,1.1118385306532974,0.9472719026093976,0.982349938266933,1.069751187952377,-0.0873793671789051,-2.8184737710885384,LOJAS QUERO QUERO S.A. (2024),0.10844919786096258,167,False,False,False,AQI; DSRI; LVGI
61585865000151,5258,RAIA DROGASIL S.A.,2025-12-31,2025,1.152422990416229,1.0147387619573252,0.910005605895514,1.1383770617471578,0.9933236245296936,0.9826634658568733,1.0069790641350966,-0.0449101973641737,-2.455117045388962,RAIA DROGASIL S.A. (2025),0.10278074866310162,168,False,False,False,DSRI; AQI; DEPI
92754738000162,8133,LOJAS RENNER S.A.,2023-12-31,2023,0.9894402111793884,0.9988890630046529,1.1712303385200644,1.028385812006914,0.9336708207665686,1.0267688753550075,0.9873087448154688,-0.0823354060522664,-2.7891338060223507,LOJAS RENNER S.A. (2023),0.09828877005347593,169,False,False,False,AQI; SGI; LVGI
92754738000162,8133,LOJAS RENNER S.A.,2024-12-31,2024,0.982935490563306,0.9946929253684073,0.9668797060385088,1.0577759176555954,0.8844800566293965,1.0058937576291458,0.9255582204878684,-0.0633618943470013,-2.746772325847876,LOJAS RENNER S.A. (2024),0.09807486631016038,170,False,False,False,LVGI; DEPI; SGI
61585865000151,5258,RAIA DROGASIL S.A.,2024-12-31,2024,0.7875396147394917,1.0105650315505874,1.0098190109232152,1.1441620731746442,1.0159347701991968,0.9812836360873904,1.0131652467205017,-0.070380218948449,-2.865888135067717,RAIA DROGASIL S.A. (2024),0.08609625668449196,171,False,False,False,DSRI; DEPI; GMI
45453214000151,20346,PROFARMA DISTRIB PROD FARMACEUTICOS S.A.,2024-12-31,2024,1.001538835047225,0.994521274905761,0.93933127875331,1.172237715637867,1.080495669258642,0.9987011721629648,1.0306098475058538,-0.0666415846336996,-2.664696153923777,PROFARMA DISTRIB PROD FARMACEUTICOS S.A. (2024),0.08470588235294116,172,False,False,False,DEPI; AQI; SGI
92665611000177,9342,DIMED S.A. DISTRIBUIDORA DE MEDICAMENTOS,2022-12-31,2022,0.9403569935359428,0.9843519884030824,1.0913532817361973,1.237200068952517,1.0107462984092446,0.98147272170176,1.0647213784163354,-0.04358928201627,-2.515340153854944,DIMED S.A. DISTRIBUIDORA DE MEDICAMENTOS (2022),0.07871657754010694,173,False,False,False,SGI; DEPI; LVGI
04972092000122,26166,GRUPO FARTURA DE HORTIFRUT S.A.,2025-12-31,2025,0.8374896376805707,1.018285749308984,1.1085454489435866,1.0996028506573805,0.9591062523973246,0.9968414911109712,0.9652671747423331,-0.0488253624283962,-2.708412307927744,GRUPO FARTURA DE HORTIFRUT S.A. (2025),0.07593582887700533,174,False,False,False,LVGI; DSRI; AQI
13217485000111,24694,GRUPO SBF S.A.,2024-12-31,2024,1.0835685634340309,0.9655224327296378,1.0078747562814914,1.0233296144574555,1.0011318356246897,1.0203447766798763,1.0016310481201318,-0.059702992421054,-2.6805824542911645,GRUPO SBF S.A. (2024),0.07262032085561497,175,False,False,False,DSRI; SGI; GMI
45453214000151,20346,PROFARMA DISTRIB PROD FARMACEUTICOS S.A.,2021-12-31,2021,0.9326182558807828,0.9843610838906772,0.9827591519892632,1.1700054785863532,1.0559554216914422,1.0073693662672514,1.0175781460201725,-0.0070577109142962,-2.4391727086127526,PROFARMA DISTRIB PROD FARMACEUTICOS S.A. (2021),0.07026737967914437,176,False,False,False,DEPI; TATA; SGI
61585865000151,5258,RAIA DROGASIL S.A.,2021-12-31,2021,0.9161568539988396,0.9829212933391954,0.904386306508862,1.2023319067675828,0.9541535155437668,0.9907021620830364,1.07238988935614,-0.0532240317184399,-2.700680978592496,RAIA DROGASIL S.A. (2021),0.06459893048128337,177,False,False,False,AQI; SGI; LVGI
92665611000177,9342,DIMED S.A. DISTRIBUIDORA DE MEDICAMENTOS,2025-12-31,2025,1.0425390789585751,0.9819829500950308,0.9129254355792754,1.1152575376401477,1.0236986846778084,0.9952779080031718,1.0352550581283222,-0.0909787469553662,-2.816425862609613,DIMED S.A. DISTRIBUIDORA DE MEDICAMENTOS (2025),0.06427807486631015,178,False,False,False,DEPI; AQI; TATA
51218147000193,20494,IGUATEMI EMPRESA DE SHOPPING CENTERS S.A,2022-12-31,2022,0.8388606762139196,0.9813411472544916,1.105104240682532,1.1628461063437605,0.9868751354477786,1.0390575465541283,1.0444265633997458,-0.0387847004286493,-2.6546075690066275,IGUATEMI EMPRESA DE SHOPPING CENTERS S.A (2022),0.06363636363636364,179,False,False,False,DSRI; SGAI; AQI
61585865000151,5258,RAIA DROGASIL S.A.,2022-12-31,2022,1.063030720552487,0.9855013611153808,1.0123082448581395,1.2047655154171248,0.933700986225558,0.9961533530438456,1.0765227014077177,-0.0388289274569798,-2.4557098859871616,RAIA DROGASIL S.A. (2022),0.045882352941176464,180,False,False,False,SGI; LVGI; DSRI
13217485000111,24694,GRUPO SBF S.A.,2023-12-31,2023,0.8343314055310161,0.9904117199580922,0.9969216576528452,1.116275046891669,0.8918810376334783,0.9871262114416814,0.9954445993286396,-0.0530037505599605,-2.7917383491451138,GRUPO SBF S.A. (2023),0.035401069518716584,181,False,False,False,DSRI; DEPI; LVGI
92665611000177,9342,DIMED S.A. DISTRIBUIDORA DE MEDICAMENTOS,2024-12-31,2024,0.9310214391431894,0.9710895583632468,1.1101240344249286,1.1079227001376593,1.02915954301122,1.0189129289215753,1.0256850169842775,-0.0352158860537807,-2.591041638469728,DIMED S.A. DISTRIBUIDORA DE MEDICAMENTOS (2024),0.035294117647058816,182,False,False,False,DEPI; AQI; GMI
09813204000116,25852,W2W E-COMMERCE DE VINHOS S.A.,2023-12-31,2023,0.9574490961881296,1.043384236183443,0.964025187728169,1.0516847382853765,0.9301292946566656,1.0009500394407689,1.0504647314384816,-0.0747317491102315,-2.8390413515747794,W2W E-COMMERCE DE VINHOS S.A. (2023),0.03486631016042781,183,False,False,False,GMI; SGI; AQI
45453214000151,20346,PROFARMA DISTRIB PROD FARMACEUTICOS S.A.,2025-12-31,2025,0.9899532443891788,0.98109752116475,0.8949189249054984,1.1277276101348257,1.0283927242491622,0.9908547486748268,1.0301678364123692,-0.0535271543202698,-2.6832235411396854,PROFARMA DISTRIB PROD FARMACEUTICOS S.A. (2025),0.034224598930481284,184,False,False,False,AQI; DEPI; GMI
92754738000162,8133,LOJAS RENNER S.A.,2025-12-31,2025,0.947970979663729,0.9813322685584775,1.0704434892249397,1.0964989388603752,0.9486806699582676,0.9779438722285811,0.9786112587505787,-0.0685004152903692,-2.738814431533356,LOJAS RENNER S.A. (2025),0.014652406417112296,185,False,False,False,LVGI; SGAI; AQI
92665611000177,9342,DIMED S.A. DISTRIBUIDORA DE MEDICAMENTOS,2023-12-31,2023,1.0785760545691256,1.008601074680964,0.9924817970425976,1.1179162881611835,0.9689874347631936,0.9876389390480532,1.0431362565447446,-0.0661959336727896,-2.6263013593834823,DIMED S.A. DISTRIBUIDORA DE MEDICAMENTOS (2023),0.012085561497326204,186,False,False,False,DSRI; GMI; AQI
13217485000111,24694,GRUPO SBF S.A.,2025-12-31,2025,0.9476409441665794,1.0174729054665297,1.0614986503537729,1.081756485228576,0.971155270931972,1.0021084803266946,1.036410690329599,-0.0329466510321924,-2.590915876090027,GRUPO SBF S.A. (2025),0.007700534759358294,187,False,False,False,GMI; TATA; SGI
