principal,sem_winsorizacao,winsor_2_5,padronizacao_por_ano,max_samples_64,max_samples_n,arvores_200,COMPANHIA_ANO
0.9647058823529407,0.9556149732620322,0.9318181818181819,0.9181818181818182,0.9644385026737968,0.9641711229946524,0.9647058823529413,AMERICANAS S.A. - EM RECUPERAÇÃO JUDICIAL (2021)
0.9536898395721932,0.9703208556149733,0.95,0.9481283422459894,0.9580213903743315,0.9518716577540107,0.9540106951871655,AMERICANAS S.A. - EM RECUPERAÇÃO JUDICIAL (2022)
0.8691978609625671,0.8647058823529411,0.9208556149732618,0.849197860962567,0.896524064171123,0.8588235294117647,0.8711229946524064,AMERICANAS S.A. - EM RECUPERAÇÃO JUDICIAL (2023)
0.8841711229946526,0.9470588235294117,0.8307486631016042,0.8991978609625668,0.8614973262032086,0.8895721925133688,0.886096256684492,AMERICANAS S.A. - EM RECUPERAÇÃO JUDICIAL (2024)
0.6160427807486633,0.6342245989304813,0.6248663101604277,0.7280748663101604,0.6288770053475935,0.6205882352941177,0.6286096256684491,AMERICANAS S.A. - EM RECUPERAÇÃO JUDICIAL (2025)
0.9989304812834224,0.9997326203208555,1.0,1.0,1.0,0.9981283422459895,0.9967914438502673,BTG PACTUAL COMMODITIES SERTRADING S.A. (2025)
0.1219251336898395,0.13208556149732623,0.14465240641711233,0.1457219251336899,0.1339572192513369,0.12192513368983957,0.12700534759358287,GRUPO FARTURA DE HORTIFRUT S.A. (2021)
0.1304812834224598,0.12834224598930483,0.13181818181818183,0.11871657754010696,0.13262032085561498,0.1288770053475936,0.1254010695187166,GRUPO FARTURA DE HORTIFRUT S.A. (2022)
0.7988235294117648,0.7989304812834221,0.772192513368984,0.7994652406417111,0.7901069518716578,0.8045454545454543,0.8008021390374329,GRUPO FARTURA DE HORTIFRUT S.A. (2023)
0.3874866310160427,0.4112299465240642,0.4419786096256684,0.463101604278075,0.3823529411764706,0.3804812834224599,0.3748663101604278,GRUPO FARTURA DE HORTIFRUT S.A. (2024)
0.0759358288770053,0.0711229946524064,0.07593582887700534,0.18155080213903743,0.06176470588235292,0.08716577540106953,0.08689839572192515,GRUPO FARTURA DE HORTIFRUT S.A. (2025)
0.7782887700534761,0.7759358288770054,0.7866310160427809,0.6893048128342245,0.7852941176470588,0.7786096256684493,0.7788770053475935,LIVETECH DA BAHIA INDÚSTRIA E COMÉRCIO S.A. (2021)
0.7989304812834225,0.7957219251336898,0.8221925133689838,0.8104278074866309,0.8082887700534759,0.7981283422459893,0.8061497326203207,LIVETECH DA BAHIA INDÚSTRIA E COMÉRCIO S.A. (2022)
0.8729411764705882,0.8572192513368986,0.896524064171123,0.8259358288770053,0.89572192513369,0.8716577540106953,0.8844919786096256,LIVETECH DA BAHIA INDÚSTRIA E COMÉRCIO S.A. (2023)
0.911122994652406,0.8994652406417114,0.94572192513369,0.9163101604278074,0.9165775401069519,0.907754010695187,0.9088235294117647,LIVETECH DA BAHIA INDÚSTRIA E COMÉRCIO S.A. (2024)
0.9298395721925132,0.9395721925133689,0.8681818181818184,0.9414438502673796,0.9069518716577539,0.9366310160427807,0.9267379679144385,LIVETECH DA BAHIA INDÚSTRIA E COMÉRCIO S.A. (2025)
0.6475935828877006,0.6216577540106952,0.6470588235294118,0.5098930481283424,0.6451871657754011,0.6510695187165776,0.656951871657754,SBF COMÉRCIO DE PRODUTOS ESPORTIVOS S.A. (2021)
0.4680213903743315,0.4703208556149733,0.44919786096256675,0.3901069518716577,0.4692513368983956,0.4711229946524065,0.47112299465240637,SBF COMÉRCIO DE PRODUTOS ESPORTIVOS S.A. (2022)
0.758288770053476,0.7419786096256684,0.7470588235294118,0.7628342245989305,0.7655080213903743,0.7577540106951871,0.7593582887700536,SBF COMÉRCIO DE PRODUTOS ESPORTIVOS S.A. (2023)
0.1607486631016043,0.16149732620320859,0.1636363636363637,0.10213903743315508,0.16363636363636364,0.16390374331550803,0.1631016042780749,SBF COMÉRCIO DE PRODUTOS ESPORTIVOS S.A. (2024)
0.3957219251336898,0.4235294117647059,0.40160427807486626,0.549197860962567,0.4085561497326203,0.39117647058823535,0.4,SBF COMÉRCIO DE PRODUTOS ESPORTIVOS S.A. (2025)
0.1979679144385026,0.19946524064171123,0.21657754010695185,0.24224598930481278,0.18796791443850266,0.20641711229946527,0.20080213903743313,EMPREENDIMENTOS PAGUE MENOS S.A. (2023)
0.8039572192513369,0.801336898395722,0.7997326203208555,0.8641711229946523,0.7852941176470587,0.8056149732620319,0.7983957219251336,EMPREENDIMENTOS PAGUE MENOS S.A. (2024)
0.4731550802139035,0.4473262032085562,0.4529411764705883,0.5328877005347594,0.4740641711229946,0.4681818181818181,0.4689839572192513,EMPREENDIMENTOS PAGUE MENOS S.A. (2025)
0.2468449197860962,0.2740641711229946,0.21524064171122995,0.03368983957219251,0.22967914438502673,0.2647058823529411,0.25481283422459894,JHSF MALLS S.A. (2021)
0.3063101604278075,0.31176470588235294,0.30374331550802136,0.2585561497326203,0.31016042780748665,0.30748663101604273,0.30748663101604273,JHSF MALLS S.A. (2022)
0.6337967914438504,0.6510695187165777,0.6377005347593582,0.5609625668449199,0.6478609625668449,0.6350267379679145,0.6371657754010693,GENERAL SHOPPING E OUTLETS DO BRASIL BRASIL S.A. (2021)
0.3918716577540108,0.36042780748663095,0.38342245989304813,0.36363636363636365,0.39438502673796794,0.39278074866310164,0.3978609625668449,GENERAL SHOPPING E OUTLETS DO BRASIL BRASIL S.A. (2022)
0.6687700534759357,0.6631016042780749,0.7056149732620322,0.7080213903743315,0.6713903743315509,0.662566844919786,0.6556149732620321,GENERAL SHOPPING E OUTLETS DO BRASIL BRASIL S.A. (2023)
0.8682352941176468,0.8494652406417114,0.839572192513369,0.8810160427807487,0.8494652406417114,0.8772727272727273,0.8633689839572194,GENERAL SHOPPING E OUTLETS DO BRASIL BRASIL S.A. (2024)
0.3689839572192514,0.3614973262032085,0.3676470588235294,0.37272727272727274,0.35909090909090907,0.3663101604278075,0.360427807486631,GENERAL SHOPPING E OUTLETS DO BRASIL BRASIL S.A. (2025)
0.5256684491978612,0.5237967914438504,0.5558823529411765,0.32433155080213905,0.551336898395722,0.509625668449198,0.5286096256684493,TECHNOS S.A. (2021)
0.297005347593583,0.29251336898395724,0.27352941176470585,0.33850267379679144,0.28368983957219257,0.32272727272727264,0.32673796791443854,TECHNOS S.A. (2022)
0.3188235294117648,0.32032085561497325,0.2938502673796792,0.24893048128342246,0.317379679144385,0.30855614973262036,0.3336898395721925,TECHNOS S.A. (2023)
0.3488770053475937,0.36122994652406415,0.31363636363636366,0.5026737967914439,0.33609625668449195,0.35481283422459897,0.34893048128342247,TECHNOS S.A. (2024)
0.5011764705882352,0.49946524064171116,0.46737967914438505,0.6098930481283423,0.48903743315508014,0.5109625668449198,0.5077540106951872,TECHNOS S.A. (2025)
0.904598930481283,0.8975935828877004,0.7989304812834226,0.8561497326203209,0.8663101604278077,0.9139037433155078,0.8999999999999998,W2W E-COMMERCE DE VINHOS S.A. (2021)
0.5219251336898396,0.5195187165775403,0.5251336898395723,0.43262032085561497,0.5072192513368984,0.5235294117647058,0.531283422459893,W2W E-COMMERCE DE VINHOS S.A. (2022)
0.0348663101604278,0.0358288770053476,0.039037433155080216,0.030213903743315507,0.03502673796791443,0.03074866310160428,0.040641711229946524,W2W E-COMMERCE DE VINHOS S.A. (2023)
0.2449197860962567,0.23048128342245988,0.2553475935828877,0.3711229946524064,0.260427807486631,0.24705882352941172,0.2489304812834224,W2W E-COMMERCE DE VINHOS S.A. (2024)
0.5602139037433155,0.5601604278074866,0.5459893048128343,0.6743315508021389,0.5564171122994652,0.5657754010695186,0.5647058823529412,W2W E-COMMERCE DE VINHOS S.A. (2025)
0.4863101604278074,0.48475935828877,0.4885026737967914,0.6360962566844919,0.5010695187165776,0.4850267379679144,0.4836898395721925,CPX DISTRIBUIDORA S.A. (2025)
0.1488770053475936,0.13609625668449202,0.15000000000000002,0.2612299465240642,0.15802139037433155,0.15240641711229946,0.15133689839572195,D1000 VAREJO FARMA PARTICIPAÇÕES S.A. (2021)
0.2249197860962566,0.2596256684491978,0.21229946524064167,0.1411764705882353,0.2259358288770054,0.22085561497326206,0.23422459893048128,D1000 VAREJO FARMA PARTICIPAÇÕES S.A. (2022)
0.3928342245989304,0.4251336898395722,0.3989304812834225,0.36951871657754004,0.3991978609625668,0.3967914438502674,0.3914438502673797,D1000 VAREJO FARMA PARTICIPAÇÕES S.A. (2023)
0.3896256684491976,0.4024064171122994,0.40133689839572195,0.5625668449197861,0.4042780748663102,0.3858288770053476,0.3780748663101604,D1000 VAREJO FARMA PARTICIPAÇÕES S.A. (2024)
0.1879144385026737,0.1868983957219251,0.18636363636363634,0.34866310160427805,0.18556149732620317,0.17112299465240643,0.1879679144385027,D1000 VAREJO FARMA PARTICIPAÇÕES S.A. (2025)
0.6256684491978609,0.6248663101604278,0.6336898395721924,0.40909090909090917,0.6323529411764706,0.6262032085561497,0.6248663101604279,CM HOSPITALAR S.A (2021)
0.9167914438502672,0.9131016042780746,0.8312834224598931,0.8991978609625668,0.8858288770053475,0.9203208556149732,0.9114973262032086,CM HOSPITALAR S.A (2022)
0.7452406417112301,0.7729946524064172,0.679144385026738,0.7716577540106951,0.6975935828877005,0.7532085561497326,0.7377005347593583,CM HOSPITALAR S.A (2023)
0.7425668449197862,0.7299465240641712,0.7604278074866311,0.7267379679144383,0.7556149732620321,0.7358288770053474,0.737433155080214,CM HOSPITALAR S.A (2024)
0.4654545454545453,0.4622994652406418,0.5040106951871658,0.5935828877005348,0.47112299465240637,0.4553475935828876,0.4614973262032085,CM HOSPITALAR S.A (2025)
0.7993582887700533,0.8072192513368982,0.8037433155080214,0.656951871657754,0.802941176470588,0.7949197860962569,0.7999999999999998,GRUPO SBF S.A. (2021)
0.1898395721925134,0.19411764705882348,0.17085561497326202,0.13155080213903744,0.18529411764705878,0.1818181818181818,0.18368983957219248,GRUPO SBF S.A. (2022)
0.0354010695187165,0.03262032085561497,0.02700534759358288,0.07326203208556151,0.033689839572192515,0.037700534759358285,0.052941176470588235,GRUPO SBF S.A. (2023)
0.0726203208556149,0.06791443850267379,0.07192513368983958,0.05187165775401069,0.07326203208556151,0.06951871657754011,0.07994652406417112,GRUPO SBF S.A. (2024)
0.0077005347593582,0.008021390374331548,0.008288770053475935,0.03155080213903742,0.007486631016042779,0.007486631016042777,0.00962566844919786,GRUPO SBF S.A. (2025)
0.5038502673796791,0.5024064171122994,0.5470588235294118,0.4788770053475934,0.513903743315508,0.4997326203208556,0.4983957219251337,CVLB BRASIL S.A (2021)
0.5049197860962568,0.49652406417112294,0.5029411764705882,0.5248663101604277,0.4946524064171124,0.5136363636363637,0.4949197860962567,CVLB BRASIL S.A EM RECUPERAÇÃO JUDICAL (2022)
0.942780748663101,0.9590909090909088,0.9679144385026739,0.9344919786096257,0.9430481283422457,0.9454545454545453,0.9433155080213906,CVLB BRASIL S.A EM RECUPERAÇÃO JUDICAL (2023)
0.5519786096256685,0.5770053475935828,0.47540106951871663,0.5237967914438502,0.506951871657754,0.5633689839572193,0.5406417112299466,CVLB BRASIL S.A EM RECUPERAÇÃO JUDICAL (2024)
0.9111229946524066,0.8778074866310162,0.9034759358288769,0.9272727272727271,0.9163101604278074,0.9080213903743317,0.909625668449198,CVLB BRASIL S.A EM RECUPERAÇÃO JUDICAL (2025)
0.7924064171122999,0.7930481283422459,0.8454545454545453,0.7850267379679143,0.812566844919786,0.7871657754010694,0.7959893048128344,ENJOEI S.A. (2022)
0.8306951871657752,0.8221925133689838,0.8842245989304814,0.8302139037433156,0.8588235294117647,0.8278074866310161,0.8371657754010696,ENJOEI S.A. (2023)
0.6798930481283422,0.6890374331550803,0.7328877005347593,0.7986631016042781,0.7120320855614973,0.6700534759358289,0.6804812834224598,ENJOEI S.A. (2024)
0.954652406417113,0.9342245989304814,0.9267379679144385,0.9625668449197861,0.9454545454545455,0.9553475935828877,0.9537433155080212,ENJOEI S.A. (2025)
0.3814973262032086,0.370855614973262,0.41069518716577547,0.42647058823529405,0.40668449197860956,0.37326203208556147,0.3700534759358288,TECIDOS E ARMARINHOS MIGUEL BARTOLOMEU S.A. (2023)
0.5216042780748663,0.5259358288770054,0.5013368983957219,0.5695187165775402,0.5133689839572193,0.5254010695187168,0.5256684491978609,TECIDOS E ARMARINHOS MIGUEL BARTOLOMEU S.A. (2024)
0.7297326203208556,0.718181818181818,0.736096256684492,0.7708556149732622,0.7080213903743318,0.7358288770053475,0.727807486631016,TECIDOS E ARMARINHOS MIGUEL BARTOLOMEU S.A. (2025)
0.3452406417112299,0.37299465240641705,0.31016042780748665,0.2518716577540107,0.3251336898395722,0.34893048128342247,0.35962566844919797,PET CENTER COMÉRCIO E PARTICIPAÇÕES S.A. (2022)
0.5465240641711232,0.5497326203208558,0.5082887700534761,0.46229946524064164,0.5240641711229947,0.5497326203208556,0.5558823529411764,PET CENTER COMÉRCIO E PARTICIPAÇÕES S.A. (2023)
0.1403208556149732,0.14064171122994654,0.12032085561497327,0.13395721925133694,0.13342245989304816,0.14385026737967915,0.12780748663101602,PET CENTER COMÉRCIO E PARTICIPAÇÕES S.A. (2024)
0.1872727272727272,0.18128342245989304,0.16711229946524062,0.16524064171122993,0.18342245989304812,0.1978609625668449,0.18128342245989307,PET CENTER COMÉRCIO E PARTICIPAÇÕES S.A. (2025)
0.9802139037433154,0.9839572192513371,0.9828877005347596,0.9775401069518717,0.9802139037433157,0.9812834224598934,0.9807486631016046,HUMBERG AGRIBRASIL COMÉRCIO E EXPORTAÇÃO DE GRÃOS S.A. (2021)
0.9957219251336892,0.9946524064171124,0.9890374331550797,0.9898395721925131,0.9917112299465238,0.9965240641711229,0.9973262032085561,HUMBERG AGRIBRASIL COMÉRCIO E EXPORTAÇÃO DE GRÃOS S.A. (2022)
0.96620320855615,0.9550802139037433,0.9457219251336898,0.9577540106951872,0.9652406417112301,0.9679144385026739,0.9652406417112301,HUMBERG AGRIBRASIL COMÉRCIO E EXPORTAÇÃO DE GRÃOS S.A. (2023)
0.8581818181818184,0.8494652406417114,0.8502673796791443,0.8735294117647061,0.842245989304813,0.8655080213903744,0.8622994652406417,HUMBERG AGRIBRASIL COMÉRCIO E EXPORTAÇÃO DE GRÃOS S.A. (2024)
0.427807486631016,0.4286096256684492,0.4141711229946524,0.27941176470588236,0.43368983957219254,0.42219251336898395,0.42807486631016045,ALLIED TECNOLOGIA S.A. (2021)
0.8063101604278075,0.8016042780748662,0.8184491978609625,0.8302139037433154,0.8104278074866311,0.807754010695187,0.8026737967914436,ALLIED TECNOLOGIA S.A. (2022)
0.85668449197861,0.8310160427807487,0.8818181818181818,0.8826203208556149,0.8695187165775401,0.8548128342245989,0.8502673796791445,ALLIED TECNOLOGIA S.A. (2023)
0.597754010695187,0.5989304812834224,0.5625668449197861,0.5946524064171123,0.5957219251336899,0.5965240641711229,0.5831550802139038,ALLIED TECNOLOGIA S.A. (2024)
0.7466310160427808,0.7425133689839573,0.702139037433155,0.7540106951871659,0.7272727272727273,0.741711229946524,0.7307486631016042,ALLIED TECNOLOGIA S.A. (2025)
0.3679144385026738,0.3684491978609625,0.3427807486631016,0.20882352941176469,0.3558823529411765,0.36791443850267386,0.36149732620320857,OUROFINO S.A. (2021)
0.1645989304812834,0.16336898395721924,0.14545454545454548,0.1748663101604278,0.15053475935828878,0.1647058823529412,0.15721925133689843,OUROFINO S.A. (2022)
0.5719786096256683,0.5836898395721926,0.5844919786096257,0.4954545454545455,0.5759358288770053,0.5695187165775402,0.5668449197860964,OUROFINO S.A. (2023)
0.4575401069518717,0.45160427807486625,0.4756684491978608,0.4866310160427808,0.47245989304812835,0.4588235294117646,0.43930481283422457,OUROFINO S.A. (2024)
0.3201069518716578,0.32566844919786103,0.30614973262032086,0.4114973262032085,0.2954545454545454,0.32219251336898397,0.29491978609625663,OUROFINO S.A. (2025)
0.8440641711229949,0.8844919786096256,0.8465240641711231,0.7473262032085561,0.8374331550802138,0.8417112299465244,0.8454545454545455,AGROGALAXY PARTICIPAÇÕES S.A. - EM RECUPERAÇÃO JUDICIAL (2021)
0.691229946524064,0.7176470588235294,0.6740641711229947,0.6967914438502674,0.6815508021390375,0.6879679144385025,0.6911764705882353,AGROGALAXY PARTICIPAÇÕES S.A. - EM RECUPERAÇÃO JUDICIAL (2022)
0.7083422459893052,0.7205882352941175,0.7566844919786098,0.6518716577540107,0.7267379679144386,0.7090909090909091,0.7173796791443852,AGROGALAXY PARTICIPAÇÕES S.A. - EM RECUPERAÇÃO JUDICIAL (2023)
0.9893048128342252,0.9895721925133685,0.9946524064171122,0.9941176470588236,0.9922459893048128,0.989304812834224,0.9898395721925131,AGROGALAXY PARTICIPAÇÕES S.A. - EM RECUPERAÇÃO JUDICIAL (2024)
0.9726203208556156,0.9700534759358289,0.9713903743315508,0.9729946524064171,0.9727272727272727,0.9716577540106952,0.9721925133689838,GRUPO TOKY S.A. (2021)
0.7271657754010693,0.7251336898395722,0.7711229946524065,0.7433155080213905,0.7398395721925135,0.7286096256684492,0.7275401069518714,GRUPO TOKY S.A. - EM RECUPERAÇÃO JUDICIAL (2022)
0.7170053475935826,0.7243315508021391,0.7149732620320854,0.6347593582887702,0.7155080213903744,0.7237967914438502,0.729946524064171,GRUPO TOKY S.A. - EM RECUPERAÇÃO JUDICIAL (2023)
0.938502673796791,0.9259358288770055,0.958288770053476,0.9684491978609628,0.9379679144385028,0.9366310160427807,0.9366310160427807,GRUPO TOKY S.A. - EM RECUPERAÇÃO JUDICIAL (2024)
0.864812834224599,0.840374331550802,0.8679144385026738,0.940374331550802,0.8727272727272727,0.8649732620320856,0.8673796791443852,GRUPO TOKY S.A. - EM RECUPERAÇÃO JUDICIAL (2025)
0.3269518716577541,0.32219251336898397,0.3671122994652406,0.2732620320855615,0.35748663101604283,0.31871657754010696,0.32379679144385026,GRUPO CASAS BAHIA S.A. (2021)
0.2509090909090908,0.25561497326203203,0.26684491978609626,0.28823529411764703,0.2617647058823529,0.2454545454545455,0.2580213903743316,GRUPO CASAS BAHIA S.A. (2022)
0.6068449197860962,0.5860962566844921,0.6032085561497327,0.5858288770053477,0.6045454545454546,0.6032085561497327,0.6109625668449199,GRUPO CASAS BAHIA S.A. (2023)
0.6694117647058824,0.6644385026737968,0.6398395721925134,0.6636363636363637,0.6732620320855616,0.6700534759358289,0.6655080213903742,GRUPO CASAS BAHIA S.A. (2024)
0.7296256684491977,0.7256684491978609,0.6815508021390374,0.7328877005347593,0.7002673796791444,0.7320855614973263,0.7155080213903743,GRUPO CASAS BAHIA S.A. (2025)
0.5671657754010695,0.5545454545454545,0.5542780748663101,0.6064171122994653,0.5657754010695187,0.5636363636363637,0.5668449197860962,RAÍZEN S.A. (2021)
0.840855614973262,0.8462566844919784,0.8759358288770052,0.8550802139037433,0.8401069518716577,0.8398395721925134,0.8422459893048128,RAÍZEN S.A. (2022)
0.2576470588235294,0.2655080213903743,0.2449197860962567,0.27406417112299464,0.24251336898395728,0.2494652406417112,0.2681818181818182,RAÍZEN S.A. (2023)
0.6737967914438506,0.6745989304812834,0.6911764705882353,0.6962566844919785,0.6983957219251336,0.672192513368984,0.6681818181818181,RAÍZEN S.A. (2024)
0.771336898395722,0.7467914438502674,0.7034759358288769,0.8088235294117645,0.7532085561497326,0.7727272727272727,0.7647058823529413,RAÍZEN S.A. (2025)
0.7057754010695187,0.7315508021390374,0.6933155080213904,0.5385026737967914,0.7112299465240641,0.7106951871657754,0.7085561497326203,VIBRA ENERGIA S/A (2021)
0.6889839572192514,0.6911764705882353,0.7358288770053477,0.6663101604278074,0.6973262032085559,0.685561497326203,0.6951871657754011,VIBRA ENERGIA S/A (2022)
0.5743315508021392,0.5815508021390375,0.583422459893048,0.5377005347593584,0.5834224598930481,0.5689839572192514,0.5759358288770053,VIBRA ENERGIA S/A (2023)
0.3483422459893047,0.31443850267379686,0.3395721925133689,0.33983957219251343,0.3382352941176471,0.3398395721925133,0.33048128342245986,VIBRA ENERGIA S/A (2024)
0.4245989304812834,0.41069518716577535,0.4379679144385026,0.5050802139037432,0.4451871657754011,0.4318181818181818,0.3994652406417113,VIBRA ENERGIA S/A (2025)
0.9359358288770052,0.918181818181818,0.9577540106951871,0.9032085561497325,0.9427807486631016,0.9315508021390375,0.937433155080214,INFRACOMMERCE CXAAS S.A. (2021)
0.8497326203208556,0.8387700534759359,0.8713903743315511,0.849197860962567,0.853475935828877,0.8443850267379679,0.8470588235294118,INFRACOMMERCE CXAAS S.A. (2022)
0.4282352941176471,0.4382352941176471,0.4358288770053476,0.4213903743315508,0.41951871657754014,0.4328877005347594,0.43475935828877016,INFRACOMMERCE CXAAS S.A. (2023)
0.9823529411764708,0.9786096256684494,0.9799465240641714,0.9839572192513371,0.9823529411764709,0.9812834224598934,0.981818181818182,INFRACOMMERCE CXAAS S.A. (2024)
0.8939037433155083,0.902941176470588,0.900802139037433,0.936096256684492,0.9010695187165773,0.894652406417112,0.8943850267379678,INFRACOMMERCE CXAAS S.A. (2025)
0.5881283422459893,0.5572192513368985,0.5991978609625669,0.5836898395721926,0.5911764705882352,0.5828877005347594,0.5818181818181818,CENCOSUD BRASIL COMERCIAL S.A. (2021)
0.7632085561497327,0.7414438502673797,0.7427807486631017,0.7689839572192513,0.7649732620320857,0.7628342245989304,0.7574866310160429,CENCOSUD BRASIL COMERCIAL S.A. (2022)
0.3948663101604278,0.3906417112299466,0.3719251336898396,0.3799465240641711,0.38529411764705895,0.40802139037433155,0.3901069518716578,CENCOSUD BRASIL COMERCIAL S.A. (2023)
0.8654545454545454,0.8489304812834225,0.9058823529411765,0.7935828877005349,0.8828877005347595,0.8639037433155081,0.8606951871657753,LUPO S.A. (2021)
0.5890909090909089,0.5812834224598932,0.5970588235294116,0.5858288770053476,0.5975935828877006,0.5903743315508021,0.5887700534759358,LUPO S.A. (2022)
0.4291978609625669,0.42459893048128344,0.4382352941176471,0.3040106951871657,0.43422459893048126,0.4264705882352942,0.43368983957219254,LUPO S.A. (2023)
0.4034224598930482,0.4002673796791445,0.4074866310160428,0.41069518716577547,0.4147058823529412,0.40614973262032084,0.3954545454545454,LUPO S.A. (2024)
0.4506951871657753,0.4537433155080214,0.463903743315508,0.5759358288770053,0.45106951871657763,0.45721925133689834,0.4529411764705883,LUPO S.A. (2025)
0.0702673796791443,0.0606951871657754,0.06229946524064171,0.011497326203208555,0.07032085561497325,0.06898395721925134,0.07593582887700535,PROFARMA DISTRIB PROD FARMACEUTICOS S.A. (2021)
0.1726203208556149,0.18636363636363631,0.18556149732620317,0.14572192513368984,0.17032085561497326,0.1695187165775401,0.1786096256684492,PROFARMA DISTRIB PROD FARMACEUTICOS S.A. (2022)
0.2925133689839573,0.33181818181818173,0.317379679144385,0.32914438502673804,0.3237967914438503,0.28155080213903744,0.28770053475935836,PROFARMA DISTRIB PROD FARMACEUTICOS S.A. (2023)
0.0847058823529411,0.07860962566844919,0.08850267379679143,0.21363636363636362,0.09037433155080213,0.0732620320855615,0.06898395721925135,PROFARMA DISTRIB PROD FARMACEUTICOS S.A. (2024)
0.0342245989304812,0.03957219251336898,0.04598930481283422,0.08663101604278074,0.04679144385026738,0.032887700534759354,0.03636363636363636,PROFARMA DISTRIB PROD FARMACEUTICOS S.A. (2025)
0.2231016042780748,0.2072192513368984,0.24518716577540106,0.2804812834224599,0.22540106951871658,0.2179144385026738,0.23582887700534766,CIA BRASILEIRA DE DISTRIBUICAO (2021)
0.8242780748663101,0.8489304812834224,0.8197860962566846,0.8462566844919787,0.8144385026737968,0.825133689839572,0.8302139037433154,CIA BRASILEIRA DE DISTRIBUICAO (2022)
0.6450267379679145,0.65427807486631,0.6930481283422459,0.572192513368984,0.6540106951871658,0.6441176470588237,0.647860962566845,CIA BRASILEIRA DE DISTRIBUICAO (2023)
0.4173262032085562,0.4149732620320855,0.383957219251337,0.35614973262032085,0.40374331550802134,0.42967914438502686,0.40909090909090906,CIA BRASILEIRA DE DISTRIBUICAO (2024)
0.2283422459893048,0.2056149732620321,0.21711229946524066,0.29946524064171126,0.22967914438502673,0.2296791443850267,0.21497326203208553,CIA BRASILEIRA DE DISTRIBUICAO (2025)
0.615294117647059,0.6155080213903743,0.6320855614973262,0.5491978609625668,0.6109625668449198,0.6144385026737967,0.6064171122994653,MAGAZINE LUIZA S.A. (2021)
0.4919786096256684,0.48021390374331546,0.5411764705882353,0.4668449197860963,0.5053475935828878,0.4885026737967915,0.48395721925133683,MAGAZINE LUIZA S.A. (2022)
0.213475935828877,0.22326203208556145,0.20748663101604276,0.0679144385026738,0.2128342245989304,0.21577540106951867,0.21711229946524063,MAGAZINE LUIZA S.A. (2023)
0.664385026737968,0.6542780748663102,0.6168449197860963,0.6510695187165776,0.6435828877005347,0.66951871657754,0.6590909090909091,MAGAZINE LUIZA S.A. (2024)
0.6219251336898397,0.6149732620320856,0.5716577540106952,0.6518716577540106,0.6013368983957218,0.6307486631016042,0.6155080213903743,MAGAZINE LUIZA S.A. (2025)
0.3189304812834224,0.3229946524064171,0.3064171122994653,0.15508021390374332,0.3128342245989305,0.30775401069518715,0.32486631016042783,IGUATEMI EMPRESA DE SHOPPING CENTERS S.A (2021)
0.0636363636363636,0.058288770053475936,0.06871657754010695,0.041443850267379685,0.05641711229946524,0.06631016042780748,0.07058823529411765,IGUATEMI EMPRESA DE SHOPPING CENTERS S.A (2022)
0.5224598930481283,0.5147058823529411,0.5211229946524064,0.47754010695187166,0.5315508021390374,0.5336898395721925,0.5385026737967914,IGUATEMI EMPRESA DE SHOPPING CENTERS S.A (2023)
0.4402139037433156,0.41149732620320856,0.41711229946524053,0.44652406417112295,0.4457219251336899,0.44010695187165777,0.42032085561497323,IGUATEMI EMPRESA DE SHOPPING CENTERS S.A (2024)
0.5334759358288772,0.512566844919786,0.5647058823529413,0.5922459893048128,0.553475935828877,0.527005347593583,0.5259358288770054,IGUATEMI EMPRESA DE SHOPPING CENTERS S.A (2025)
0.2790374331550802,0.2938502673796791,0.30695187165775406,0.3352941176470588,0.27834224598930485,0.27433155080213906,0.26844919786096255,UNIÃO PET PARTICIPAÇÕES S.A. (2024)
0.2365775401069518,0.239572192513369,0.24438502673796791,0.25508021390374325,0.23877005347593588,0.2403743315508021,0.22459893048128343,UNIÃO PET PARTICIPAÇÕES S.A. (2025)
0.9300534759358288,0.9302139037433154,0.9320855614973261,0.8935828877005344,0.9363636363636365,0.9245989304812836,0.9296791443850265,SARAIVA LIVREIROS S.A. - EM RECUPERAÇÃO JUDICIAL (2021)
0.8186096256684487,0.9034759358288771,0.7989304812834224,0.8211229946524062,0.8096256684491976,0.8213903743315509,0.818716577540107,SARAIVA LIVREIROS S.A. - EM RECUPERAÇÃO JUDICIAL (2022)
0.3742245989304811,0.3649732620320856,0.41524064171122993,0.2574866310160428,0.36363636363636365,0.3791443850267379,0.37433155080213903,MARISA LOJAS S.A. (2021)
0.7074866310160428,0.6823529411764706,0.7066844919786096,0.7390374331550802,0.7248663101604278,0.698663101604278,0.703475935828877,MARISA LOJAS S.A. (2022)
0.89379679144385,0.888770053475936,0.9096256684491977,0.8855614973262032,0.9096256684491978,0.8925133689839573,0.8858288770053475,MARISA LOJAS S.A. (2023)
0.6863101604278075,0.6772727272727271,0.672994652406417,0.7411764705882355,0.6815508021390374,0.6962566844919788,0.6909090909090909,MARISA LOJAS S.A. (2024)
0.622994652406417,0.5935828877005349,0.6096256684491979,0.6836898395721924,0.5981283422459892,0.624331550802139,0.6318181818181818,MARISA LOJAS S.A. (2025)
0.0645989304812833,0.08529411764705883,0.06657754010695185,0.10106951871657754,0.06898395721925132,0.06577540106951871,0.06524064171122994,RAIA DROGASIL S.A. (2021)
0.0458823529411764,0.052941176470588235,0.031818181818181815,0.014438502673796793,0.03716577540106951,0.04304812834224599,0.05240641711229945,RAIA DROGASIL S.A. (2022)
0.1124064171122994,0.1053475935828877,0.10133689839572194,0.18582887700534753,0.10802139037433156,0.11363636363636365,0.10748663101604276,RAIA DROGASIL S.A. (2023)
0.0860962566844919,0.06737967914438502,0.07379679144385026,0.13181818181818183,0.07994652406417113,0.08716577540106951,0.08823529411764705,RAIA DROGASIL S.A. (2024)
0.1027807486631016,0.1088235294117647,0.11176470588235295,0.14251336898395722,0.11711229946524064,0.10614973262032086,0.10267379679144387,RAIA DROGASIL S.A. (2025)
0.4963636363636363,0.6058823529411764,0.45347593582887696,0.48743315508021395,0.4336898395721924,0.4999999999999999,0.4903743315508022,FARMÁCIA E DROGARIA NISSEI S.A. (2021)
0.2263101604278075,0.21764705882352944,0.2441176470588235,0.21203208556149736,0.24064171122994651,0.2267379679144385,0.22326203208556147,FARMÁCIA E DROGARIA NISSEI S.A. (2022)
0.6236363636363635,0.6328877005347592,0.6644385026737968,0.6248663101604278,0.636096256684492,0.6195187165775402,0.6205882352941178,FARMÁCIA E DROGARIA NISSEI S.A. (2023)
0.6067379679144383,0.5885026737967914,0.6390374331550803,0.6887700534759359,0.6000000000000001,0.6002673796791445,0.5925133689839572,FARMÁCIA E DROGARIA NISSEI S.A. (2024)
0.3765775401069519,0.3585561497326203,0.41978609625668445,0.4759358288770052,0.38315508021390365,0.38048128342245985,0.4002673796791444,FARMÁCIA E DROGARIA NISSEI S.A. (2025)
0.7373262032085564,0.7417112299465242,0.7323529411764707,0.6780748663101603,0.7366310160427807,0.7395721925133691,0.7355614973262032,INTELBRAS S.A. IND. DE TELECOMUNICAÇÃO ELETRÔNICA BRASILEIRA (2021)
0.7494117647058823,0.7663101604278075,0.774331550802139,0.7398395721925135,0.7574866310160427,0.7465240641711232,0.7510695187165776,INTELBRAS S.A. IND. DE TELECOMUNICAÇÃO ELETRÔNICA BRASILEIRA (2022)
0.5192513368983956,0.5181818181818181,0.5232620320855614,0.46871657754010687,0.5342245989304815,0.5149732620320855,0.5254010695187167,INTELBRAS S.A. IND. DE TELECOMUNICAÇÃO ELETRÔNICA BRASILEIRA (2023)
0.2571122994652405,0.2518716577540107,0.2286096256684492,0.40828877005347597,0.2425133689839572,0.26711229946524073,0.24598930481283424,INTELBRAS S.A. IND. DE TELECOMUNICAÇÃO ELETRÔNICA BRASILEIRA (2024)
0.2664171122994652,0.282620320855615,0.24759358288770056,0.3858288770053476,0.2526737967914438,0.26711229946524073,0.2810160427807486,INTELBRAS S.A. IND. DE TELECOMUNICAÇÃO ELETRÔNICA BRASILEIRA (2025)
0.3434224598930481,0.3323529411764707,0.3371657754010695,0.32727272727272727,0.3529411764705882,0.34866310160427805,0.3609625668449198,GRAZZIOTIN S.A. (2022)
0.2203208556149732,0.22406417112299465,0.23556149732620318,0.14625668449197862,0.23021390374331552,0.21577540106951867,0.23262032085561493,GRAZZIOTIN S.A. (2023)
0.1592513368983957,0.14973262032085563,0.16818181818181824,0.17540106951871653,0.16524064171122999,0.15454545454545457,0.1502673796791444,GRAZZIOTIN S.A. (2024)
0.1467379679144385,0.1435828877005348,0.14732620320855613,0.24973262032085558,0.13529411764705884,0.14705882352941177,0.1596256684491979,GRAZZIOTIN S.A. (2025)
0.1151871657754011,0.12807486631016043,0.13663101604278077,0.09037433155080213,0.1304812834224599,0.12112299465240643,0.11791443850267383,DIMED S.A. DISTRIBUIDORA DE MEDICAMENTOS (2021)
0.0787165775401069,0.08582887700534758,0.05668449197860962,0.03449197860962566,0.06310160427807487,0.07245989304812835,0.08529411764705884,DIMED S.A. DISTRIBUIDORA DE MEDICAMENTOS (2022)
0.0120855614973262,0.01122994652406417,0.010962566844919783,0.05106951871657754,0.01283422459893048,0.011229946524064168,0.014973262032085561,DIMED S.A. DISTRIBUIDORA DE MEDICAMENTOS (2023)
0.0352941176470588,0.0304812834224599,0.039572192513368985,0.07139037433155082,0.03850267379679144,0.03368983957219251,0.03342245989304813,DIMED S.A. DISTRIBUIDORA DE MEDICAMENTOS (2024)
0.0642780748663101,0.06577540106951871,0.07727272727272727,0.08128342245989303,0.07540106951871658,0.06283422459893048,0.06336898395721925,DIMED S.A. DISTRIBUIDORA DE MEDICAMENTOS (2025)
0.5549732620320854,0.5636363636363636,0.5593582887700534,0.42566844919786107,0.5614973262032086,0.554812834224599,0.558288770053476,LOJAS RENNER S.A. (2021)
0.2189304812834224,0.23155080213903748,0.21122994652406418,0.13155080213903744,0.2072192513368984,0.21631016042780749,0.22700534759358287,LOJAS RENNER S.A. (2022)
0.0982887700534759,0.1053475935828877,0.0997326203208556,0.00855614973262032,0.08796791443850269,0.09786096256684493,0.09786096256684493,LOJAS RENNER S.A. (2023)
0.0980748663101603,0.0997326203208556,0.08529411764705883,0.17272727272727267,0.09732620320855614,0.09491978609625668,0.10721925133689839,LOJAS RENNER S.A. (2024)
0.0146524064171122,0.014438502673796792,0.013368983957219254,0.05721925133689839,0.013368983957219253,0.016042780748663103,0.017379679144385027,LOJAS RENNER S.A. (2025)
0.3264171122994653,0.31390374331550797,0.31844919786096254,0.24411764705882355,0.32486631016042783,0.32245989304812833,0.3435828877005348,LOJAS QUERO QUERO S.A. (2021)
0.3056684491978609,0.2863636363636364,0.3363636363636363,0.3649732620320855,0.3160427807486631,0.3082887700534759,0.3184491978609626,LOJAS QUERO QUERO S.A. (2022)
0.3125133689839572,0.3018716577540107,0.3368983957219251,0.23449197860962565,0.3264705882352941,0.3002673796791444,0.30909090909090914,LOJAS QUERO QUERO S.A. (2023)
0.1084491978609625,0.11684491978609626,0.1294117647058824,0.17994652406417114,0.11764705882352944,0.11042780748663102,0.10989304812834222,LOJAS QUERO QUERO S.A. (2024)
0.2105882352941175,0.1983957219251337,0.2262032085561497,0.25347593582887706,0.2299465240641712,0.20909090909090908,0.2106951871657754,LOJAS QUERO QUERO S.A. (2025)
